-- MySQL dump 10.13  Distrib 8.0.33, for Win64 (x86_64)
--
-- Host: 127.0.0.1    Database: shoplaptop
-- ------------------------------------------------------
-- Server version	8.0.33

create database shoplaptop;
USE shoplaptop ;


--
-- Table structure for table `role`
--


CREATE TABLE `role` (
  `id` int NOT NULL AUTO_INCREMENT,
  `name` varchar(50) NOT NULL,
  PRIMARY KEY (`id`),
  UNIQUE KEY `name` (`name`)
) ENGINE=InnoDB AUTO_INCREMENT=6 DEFAULT CHARSET=utf8mb4 ;


--
-- Dumping data for table `role`
--


INSERT INTO `role` VALUES (1,'admin'),(2,'user');


--
-- Table structure for table `user`
--

CREATE TABLE `user` (
  `id` int NOT NULL AUTO_INCREMENT,
  `username` varchar(50) NOT NULL,
  `fullname` varchar(100) DEFAULT NULL,
  `email` varchar(200) NOT NULL,
  `phonenumber` varchar(20) DEFAULT NULL,
  `address` varchar(500) CHARACTER SET utf8mb3  DEFAULT NULL,
  `password` varchar(255) NOT NULL,
  `role_id` int NOT NULL DEFAULT '2',
  `status` int NOT NULL DEFAULT '1',
  PRIMARY KEY (`id`),
  UNIQUE KEY `email` (`email`),
  UNIQUE KEY `phonenumber` (`phonenumber`),
  KEY `role_id` (`role_id`),
  CONSTRAINT `role_id` FOREIGN KEY (`role_id`) REFERENCES `role` (`id`)
) ENGINE=InnoDB AUTO_INCREMENT=55 DEFAULT CHARSET=utf8mb4 ;


--
-- Dumping data for table `user`
--


INSERT INTO `user` VALUES (35,'duy','hứa duy nha','duy12@gmail.com','0332706233','thôn 1 - triệu sơn - thanh hóa','12341234',2,1),(36,'hung21df','đào hữu phúc','huaduy2k22@gmail.com','0987322314','thanh hóa','d12345678',2,1),(37,'duong144','duy','hua2k22@gmail.com','0981124332','hải dương','12345678',2,1),(38,'phuc111a',NULL,'duong@gmail.com','0234354342',NULL,'duy12345',2,1),(40,'duy12',NULL,'suot12@gmail.com','0332706231',NULL,'12345678',2,1),(41,'adminduy',NULL,'huaduy@gmail.com',NULL,NULL,'12341234',1,1),(44,'hứa duy',NULL,'lam112234325@gmail.com',NULL,NULL,'12345678',2,1),(47,'duy12',NULL,'duy123@gmail.com',NULL,NULL,'12345678',2,1);





--
-- Table structure for table `category`
--


CREATE TABLE `category` (
  `id` int NOT NULL AUTO_INCREMENT,
  `name` varchar(200) CHARACTER SET utf8mb3 NOT NULL,
  PRIMARY KEY (`id`),
  UNIQUE KEY `name` (`name`)
) ENGINE=InnoDB AUTO_INCREMENT=9 DEFAULT CHARSET=utf8mb4;


--
-- Dumping data for table `category`
--

INSERT INTO `category` VALUES (1,'Dell'),(2,'Dell gaming'),(7,'Evoo'),(4,'Gaming'),(3,'HP'),(6,'Macbook'),(5,'Thinkpad'),(8,'Toshiba');


--
-- Table structure for table `product`
--


CREATE TABLE `product` (
  `id` int NOT NULL AUTO_INCREMENT,
  `name` varchar(500) CHARACTER SET utf8mb3  NOT NULL,
  `short_description` varchar(600) CHARACTER SET utf8mb3  DEFAULT NULL,
  `price` double DEFAULT NULL,
  `discount` double DEFAULT NULL,
  `quantity` int DEFAULT '0',
  `thumbnail` varchar(500) DEFAULT NULL,
  `description` longtext,
  `is_featured` tinyint DEFAULT NULL,
  `status` int DEFAULT '0',
  `category_id` int DEFAULT NULL,
  `create_at` datetime NOT NULL,
  `update_at` datetime NOT NULL,
  PRIMARY KEY (`id`),
  KEY `category_id` (`category_id`),
  CONSTRAINT `category_id` FOREIGN KEY (`category_id`) REFERENCES `category` (`id`)
) ENGINE=InnoDB AUTO_INCREMENT=216 DEFAULT CHARSET=utf8mb4 ;


--
-- Dumping data for table `product`
--


INSERT INTO `product` VALUES (1,'1 Apple MacBook Air M1 256GB 2020','- Phù hợp cho lập trình viên, thiết kế đồ họa 2D, dân văn phòng\\n - Đa nhiệm mượt mà - Ram 8GB cho phép vừa mở trình duyệt để tra cứu thông tin, vừa làm việc trên phần mềm ',18690000,17000000,17,'https://cdn2.cellphones.com.vn/358x358,webp,q100/media/catalog/product/a/i/air_m2.png','- Macbook Air M1 là dòng sản phẩm có thiết kế mỏng nhẹ, sang trọng và tinh tế cùng với đó là giá thành phải chăng nên MacBook Air đã thu hút được đông đảo người dùng yêu thích và lựa chọn. Đây cũng là một trong những phiên bản Macbook Air mới nhất mà khách hàng không thể bỏ qua khi đến với CellphoneS. Dưới đây là chi tiết về thiết kế, cấu hình của máy. \\n\\n - Macbook Air 2020 M1 mới vẫn luôn tuân thủ triết lý thiết kế với những đường nét đơn nhưng vô cùng sang trọng. Máy có độ mỏng nhẹ chỉ 1,29kg và các cạnh tràn viền khiến thiết bị trở nên đẹp hơn và cao cấp hơn.',1,0,6,'2023-07-16 00:00:00','2023-07-16 00:00:00'),(2,'2 Laptop gaming MSI GF63 Thin 11SC 664VN','I5-11400H/8GB/512GB PCIE/VGA 4GB GTX1650/15.6 FHD 144HZ/WIN11/ĐEN',14000000,13000000,5,'https://cdn2.cellphones.com.vn/x358,webp,q100/media/catalog/product/t/e/text_ng_n_21_.png','- Laptop MSI Gaming GF63 Thin 11SC-664VN là sản phẩm thuộc phân khúc giá tầm trung, phù hợp với những game thủ.\n Đây là dòng laptop có vẻ ngoài nhỏ gọn nhưng vẫn mang đậm phong cách gaming.Vẻ ngoài thanh mảnh nhưng vẫn đậm chất gaming: Nhìn chung, chiếc laptop mang một vẻ ngoài khá thon gọn, tổng bề dày chỉ 21,7 mm và có khối lượng khoảng 1,86kg. Tuy nhiên vì là dòng máy gaming nên ở phần giữa của nắp máy được in chìm logo rồng đỏ quen thuộc nhằm tạo điểm nhấn. Đặc biệt hơn, phần thông gió ở phía dưới được in ẩn hình chữ X khá độc đáo.\n - Dòng Laptop MSI Gaming GF63 Thin 11SC-664VN được trang bị bộ vi xử lý Intel Core thế hệ thứ 11 giúp tăng hiệu suất làm việc lên 15% so với các dòng máy thế hệ trước.',0,0,4,'2023-07-15 00:00:00','2023-07-15 00:00:00'),(3,'3 Laptop Dell Latidude 7320 9PPWV','- I5-1145G7/16GB/256GB PCIE/13.3 FHD/WIN11 PRO/NHẬP KHẨU CHÍNH HÃN',16600000,15000000,8,'https://cdn2.cellphones.com.vn/358x358,webp,q100/media/catalog/product/l/a/laptop-dell-latitude-7320-9ppwv.png','- Laptop Dell Latitude 7320 9PPWV là chiếc laptop được thiết kế chuyên nghiệp để xử lý các tác vụ văn phòng, duyệt web, email,...Màn hình 13.3 inch tiện lợi cho di chuyển, bộ vi xử lý Intel Core i5 siêu mạnh mẽ là những điểm mạnh của chiếc laptop này. Cụ thể hơn hãy xem đoạn mô tả sau đây để nắm được ưu thế khi chọn mua laptop Dell Latitude nhé.Ram lớn, thỏa mãn nhu cầu lưu trữ, Laptop Dell Latitude 7320 9PPWV được tích hợp bộ ram 16GB, cho phép bạn chạy nhiều ứng dụng cùng lúc không lo gián đoạn. Bạn có thể xử lý các tập tin đồ họa, video nhanh chóng, chơi game giải trí ổn định',0,0,1,'2023-07-16 00:00:00','2023-07-16 00:00:00'),(4,'4 Laptop ASUS Gaming TUF FX506LHB-HN188W','- Phù hợp cho lập trình viên, thiết kế đồ họa 2D, dân văn phòng\\n - Đa nhiệm mượt mà - Ram 8GB cho phép vừa mở trình duyệt để tra cứu thông tin, vừa làm việc trên phần mềm ',18690000,17000000,4,'https://cdn2.cellphones.com.vn/358x358,webp,q100/media/catalog/product/a/i/air_m2.png','- Macbook Air M1 là dòng sản phẩm có thiết kế mỏng nhẹ, sang trọng và tinh tế cùng với đó là giá thành phải chăng nên MacBook Air đã thu hút được đông đảo người dùng yêu thích và lựa chọn. Đây cũng là một trong những phiên bản Macbook Air mới nhất mà khách hàng không thể bỏ qua khi đến với CellphoneS. Dưới đây là chi tiết về thiết kế, cấu hình của máy. \\n\\n - Macbook Air 2020 M1 mới vẫn luôn tuân thủ triết lý thiết kế với những đường nét đơn nhưng vô cùng sang trọng. Máy có độ mỏng nhẹ chỉ 1,29kg và các cạnh tràn viền khiến thiết bị trở nên đẹp hơn và cao cấp hơn.',0,0,6,'2023-07-16 00:00:00','2023-07-16 00:00:00'),(5,'5 Apple MacBook Air M1 256GB 2020','- Phù hợp cho lập trình viên, thiết kế đồ họa 2D, dân văn phòng\\n - Đa nhiệm mượt mà - Ram 8GB cho phép vừa mở trình duyệt để tra cứu thông tin, vừa làm việc trên phần mềm ',18690000,17000000,5,'https://cdn2.cellphones.com.vn/358x358,webp,q100/media/catalog/product/a/i/air_m2.png','- Macbook Air M1 là dòng sản phẩm có thiết kế mỏng nhẹ, sang trọng và tinh tế cùng với đó là giá thành phải chăng nên MacBook Air đã thu hút được đông đảo người dùng yêu thích và lựa chọn. Đây cũng là một trong những phiên bản Macbook Air mới nhất mà khách hàng không thể bỏ qua khi đến với CellphoneS. Dưới đây là chi tiết về thiết kế, cấu hình của máy. \\n\\n - Macbook Air 2020 M1 mới vẫn luôn tuân thủ triết lý thiết kế với những đường nét đơn nhưng vô cùng sang trọng. Máy có độ mỏng nhẹ chỉ 1,29kg và các cạnh tràn viền khiến thiết bị trở nên đẹp hơn và cao cấp hơn.',0,0,1,'2023-07-13 00:00:00','2023-07-13 00:00:00'),(6,'6 Laptop ASUS Gaming TUF FX506LHB-HN188W','- Phù hợp cho lập trình viên, thiết kế đồ họa 2D, dân văn phòng\\n - Đa nhiệm mượt mà - Ram 8GB cho phép vừa mở trình duyệt để tra cứu thông tin, vừa làm việc trên phần mềm ',18690000,17000000,5,'https://cdn2.cellphones.com.vn/358x358,webp,q100/media/catalog/product/a/i/air_m2.png','- Macbook Air M1 là dòng sản phẩm có thiết kế mỏng nhẹ, sang trọng và tinh tế cùng với đó là giá thành phải chăng nên MacBook Air đã thu hút được đông đảo người dùng yêu thích và lựa chọn. Đây cũng là một trong những phiên bản Macbook Air mới nhất mà khách hàng không thể bỏ qua khi đến với CellphoneS. Dưới đây là chi tiết về thiết kế, cấu hình của máy. \\n\\n - Macbook Air 2020 M1 mới vẫn luôn tuân thủ triết lý thiết kế với những đường nét đơn nhưng vô cùng sang trọng. Máy có độ mỏng nhẹ chỉ 1,29kg và các cạnh tràn viền khiến thiết bị trở nên đẹp hơn và cao cấp hơn.',0,0,5,'2023-07-12 00:00:00','2023-07-12 00:00:00'),(7,'7 Laptop Lenovo Gaming Legion 5 15ARH7 82RE002VVN','- Phù hợp cho lập trình viên, thiết kế đồ họa 2D, dân văn phòng\\n - Đa nhiệm mượt mà - Ram 8GB cho phép vừa mở trình duyệt để tra cứu thông tin, vừa làm việc trên phần mềm ',18690000,17000000,5,'https://cdn2.cellphones.com.vn/358x358,webp,q100/media/catalog/product/a/i/air_m2.png','- Macbook Air M1 là dòng sản phẩm có thiết kế mỏng nhẹ, sang trọng và tinh tế cùng với đó là giá thành phải chăng nên MacBook Air đã thu hút được đông đảo người dùng yêu thích và lựa chọn. Đây cũng là một trong những phiên bản Macbook Air mới nhất mà khách hàng không thể bỏ qua khi đến với CellphoneS. Dưới đây là chi tiết về thiết kế, cấu hình của máy. \\n\\n - Macbook Air 2020 M1 mới vẫn luôn tuân thủ triết lý thiết kế với những đường nét đơn nhưng vô cùng sang trọng. Máy có độ mỏng nhẹ chỉ 1,29kg và các cạnh tràn viền khiến thiết bị trở nên đẹp hơn và cao cấp hơn.',0,0,2,'2023-07-14 00:00:00','2023-07-14 00:00:00'),(8,'8 Apple MacBook Air M1 256GB 2020','- Phù hợp cho lập trình viên, thiết kế đồ họa 2D, dân văn phòng\\n - Đa nhiệm mượt mà - Ram 8GB cho phép vừa mở trình duyệt để tra cứu thông tin, vừa làm việc trên phần mềm ',18690000,17000000,5,'https://cdn2.cellphones.com.vn/358x358,webp,q100/media/catalog/product/a/i/air_m2.png','- Macbook Air M1 là dòng sản phẩm có thiết kế mỏng nhẹ, sang trọng và tinh tế cùng với đó là giá thành phải chăng nên MacBook Air đã thu hút được đông đảo người dùng yêu thích và lựa chọn. Đây cũng là một trong những phiên bản Macbook Air mới nhất mà khách hàng không thể bỏ qua khi đến với CellphoneS. Dưới đây là chi tiết về thiết kế, cấu hình của máy. \\n\\n - Macbook Air 2020 M1 mới vẫn luôn tuân thủ triết lý thiết kế với những đường nét đơn nhưng vô cùng sang trọng. Máy có độ mỏng nhẹ chỉ 1,29kg và các cạnh tràn viền khiến thiết bị trở nên đẹp hơn và cao cấp hơn.',0,0,3,'2023-07-16 00:00:00','2023-07-16 00:00:00'),(9,'9 Laptop ASUS Gaming TUF FX506LHB-HN188W','R5-6600H/8GB/512GB PCIE/15.6 FHD 165HZ/VGA 4GB RTX3050/WIN11/XÁM ',18690000,17000000,5,'https://cdn2.cellphones.com.vn/358x358,webp,q100/media/catalog/product/a/i/air_m2.png','- Macbook Air M1 là dòng sản phẩm có thiết kế mỏng nhẹ, sang trọng và tinh tế cùng với đó là giá thành phải chăng nên MacBook Air đã thu hút được đông đảo người dùng yêu thích và lựa chọn. Đây cũng là một trong những phiên bản Macbook Air mới nhất mà khách hàng không thể bỏ qua khi đến với CellphoneS. Dưới đây là chi tiết về thiết kế, cấu hình của máy. \\n\\n - Macbook Air 2020 M1 mới vẫn luôn tuân thủ triết lý thiết kế với những đường nét đơn nhưng vô cùng sang trọng. Máy có độ mỏng nhẹ chỉ 1,29kg và các cạnh tràn viền khiến thiết bị trở nên đẹp hơn và cao cấp hơn.',0,0,6,'2023-07-16 00:00:00','2023-07-16 00:00:00'),(10,'10 Laptop Lenovo Gaming Legion 5 15ARH7 82RE002VVN','R5-6600H/8GB/512GB PCIE/15.6 FHD 165HZ/VGA 4GB RTX3050/WIN11/XÁM nha mọi',18690000,17500000,5,'https://cdn2.cellphones.com.vn/358x358,webp,q100/media/catalog/product/a/i/air_m2.png','- Macbook Air M1 là dòng sản phẩm có thiết kế mỏng nhẹ, sang trọng và tinh tế cùng với đó là giá thành phải chăng nên MacBook Air đã thu hút được đông đảo người dùng yêu thích và lựa chọn. Đây cũng là một trong những phiên bản Macbook Air mới nhất mà khách hàng không thể bỏ qua khi đến với CellphoneS. Dưới đây là chi tiết về thiết kế, cấu hình của máy. \\n\\n - Macbook Air 2020 M1 mới vẫn luôn tuân thủ triết lý thiết kế với những đường nét đơn nhưng vô cùng sang trọng. Máy có độ mỏng nhẹ chỉ 1,29kg và các cạnh tràn viền khiến thiết bị trở nên đẹp hơn và cao cấp hơn.',1,0,4,'2023-07-16 00:00:00','2023-07-31 00:05:39'),(11,'Laptop gaming MSI GF63 Thin 11SC 664VN','I5-11400H/8GB/512GB PCIE/VGA 4GB GTX1650/15.6 FHD 144HZ/WIN11/ĐEN',14000000,13000000,6,'https://cdn2.cellphones.com.vn/x358,webp,q100/media/catalog/product/t/e/text_ng_n_21_.png','- Laptop MSI Gaming GF63 Thin 11SC-664VN là sản phẩm thuộc phân khúc giá tầm trung, phù hợp với những game thủ.\n Đây là dòng laptop có vẻ ngoài nhỏ gọn nhưng vẫn mang đậm phong cách gaming.Vẻ ngoài thanh mảnh nhưng vẫn đậm chất gaming: Nhìn chung, chiếc laptop mang một vẻ ngoài khá thon gọn, tổng bề dày chỉ 21,7 mm và có khối lượng khoảng 1,86kg. Tuy nhiên vì là dòng máy gaming nên ở phần giữa của nắp máy được in chìm logo rồng đỏ quen thuộc nhằm tạo điểm nhấn. Đặc biệt hơn, phần thông gió ở phía dưới được in ẩn hình chữ X khá độc đáo.\n - Dòng Laptop MSI Gaming GF63 Thin 11SC-664VN được trang bị bộ vi xử lý Intel Core thế hệ thứ 11 giúp tăng hiệu suất làm việc lên 15% so với các dòng máy thế hệ trước.',0,0,4,'2023-07-15 00:00:00','2023-07-15 00:00:00'),(12,'Laptop Dell Latidude 7320 9PPWV','- I5-1145G7/16GB/256GB PCIE/13.3 FHD/WIN11 PRO/NHẬP KHẨU CHÍNH HÃN',16600000,15000000,10,'https://cdn2.cellphones.com.vn/358x358,webp,q100/media/catalog/product/l/a/laptop-dell-latitude-7320-9ppwv.png','- Laptop Dell Latitude 7320 9PPWV là chiếc laptop được thiết kế chuyên nghiệp để xử lý các tác vụ văn phòng, duyệt web, email,...Màn hình 13.3 inch tiện lợi cho di chuyển, bộ vi xử lý Intel Core i5 siêu mạnh mẽ là những điểm mạnh của chiếc laptop này. Cụ thể hơn hãy xem đoạn mô tả sau đây để nắm được ưu thế khi chọn mua laptop Dell Latitude nhé.Ram lớn, thỏa mãn nhu cầu lưu trữ, Laptop Dell Latitude 7320 9PPWV được tích hợp bộ ram 16GB, cho phép bạn chạy nhiều ứng dụng cùng lúc không lo gián đoạn. Bạn có thể xử lý các tập tin đồ họa, video nhanh chóng, chơi game giải trí ổn định',0,0,1,'2023-07-16 00:00:00','2023-07-16 00:00:00'),(13,'Laptop ASUS Gaming TUF FX506LHB-HN188W','- Phù hợp cho lập trình viên, thiết kế đồ họa 2D, dân văn phòng\\n - Đa nhiệm mượt mà - Ram 8GB cho phép vừa mở trình duyệt để tra cứu thông tin, vừa làm việc trên phần mềm ',18690000,17000000,5,'https://cdn2.cellphones.com.vn/358x358,webp,q100/media/catalog/product/a/i/air_m2.png','- Macbook Air M1 là dòng sản phẩm có thiết kế mỏng nhẹ, sang trọng và tinh tế cùng với đó là giá thành phải chăng nên MacBook Air đã thu hút được đông đảo người dùng yêu thích và lựa chọn. Đây cũng là một trong những phiên bản Macbook Air mới nhất mà khách hàng không thể bỏ qua khi đến với CellphoneS. Dưới đây là chi tiết về thiết kế, cấu hình của máy. \\n\\n - Macbook Air 2020 M1 mới vẫn luôn tuân thủ triết lý thiết kế với những đường nét đơn nhưng vô cùng sang trọng. Máy có độ mỏng nhẹ chỉ 1,29kg và các cạnh tràn viền khiến thiết bị trở nên đẹp hơn và cao cấp hơn.',0,0,6,'2023-07-16 00:00:00','2023-07-16 00:00:00'),(14,'Apple MacBook Air M1 256GB 2020','- Phù hợp cho lập trình viên, thiết kế đồ họa 2D, dân văn phòng\\n - Đa nhiệm mượt mà - Ram 8GB cho phép vừa mở trình duyệt để tra cứu thông tin, vừa làm việc trên phần mềm ',18690000,17000000,5,'https://cdn2.cellphones.com.vn/358x358,webp,q100/media/catalog/product/a/i/air_m2.png','- Macbook Air M1 là dòng sản phẩm có thiết kế mỏng nhẹ, sang trọng và tinh tế cùng với đó là giá thành phải chăng nên MacBook Air đã thu hút được đông đảo người dùng yêu thích và lựa chọn. Đây cũng là một trong những phiên bản Macbook Air mới nhất mà khách hàng không thể bỏ qua khi đến với CellphoneS. Dưới đây là chi tiết về thiết kế, cấu hình của máy. \\n\\n - Macbook Air 2020 M1 mới vẫn luôn tuân thủ triết lý thiết kế với những đường nét đơn nhưng vô cùng sang trọng. Máy có độ mỏng nhẹ chỉ 1,29kg và các cạnh tràn viền khiến thiết bị trở nên đẹp hơn và cao cấp hơn.',0,0,1,'2023-07-13 00:00:00','2023-07-13 00:00:00'),(15,'Laptop ASUS Gaming TUF FX506LHB-HN188W','- Phù hợp cho lập trình viên, thiết kế đồ họa 2D, dân văn phòng\\n - Đa nhiệm mượt mà - Ram 8GB cho phép vừa mở trình duyệt để tra cứu thông tin, vừa làm việc trên phần mềm ',18690000,17000000,5,'https://cdn2.cellphones.com.vn/358x358,webp,q100/media/catalog/product/a/i/air_m2.png','- Macbook Air M1 là dòng sản phẩm có thiết kế mỏng nhẹ, sang trọng và tinh tế cùng với đó là giá thành phải chăng nên MacBook Air đã thu hút được đông đảo người dùng yêu thích và lựa chọn. Đây cũng là một trong những phiên bản Macbook Air mới nhất mà khách hàng không thể bỏ qua khi đến với CellphoneS. Dưới đây là chi tiết về thiết kế, cấu hình của máy. \\n\\n - Macbook Air 2020 M1 mới vẫn luôn tuân thủ triết lý thiết kế với những đường nét đơn nhưng vô cùng sang trọng. Máy có độ mỏng nhẹ chỉ 1,29kg và các cạnh tràn viền khiến thiết bị trở nên đẹp hơn và cao cấp hơn.',0,0,5,'2023-07-12 00:00:00','2023-07-12 00:00:00'),(16,'Laptop Lenovo Gaming Legion 5 15ARH7 82RE002VVN','- Phù hợp cho lập trình viên, thiết kế đồ họa 2D, dân văn phòng\\n - Đa nhiệm mượt mà - Ram 8GB cho phép vừa mở trình duyệt để tra cứu thông tin, vừa làm việc trên phần mềm ',18690000,17000000,5,'https://cdn2.cellphones.com.vn/358x358,webp,q100/media/catalog/product/a/i/air_m2.png','- Macbook Air M1 là dòng sản phẩm có thiết kế mỏng nhẹ, sang trọng và tinh tế cùng với đó là giá thành phải chăng nên MacBook Air đã thu hút được đông đảo người dùng yêu thích và lựa chọn. Đây cũng là một trong những phiên bản Macbook Air mới nhất mà khách hàng không thể bỏ qua khi đến với CellphoneS. Dưới đây là chi tiết về thiết kế, cấu hình của máy. \\n\\n - Macbook Air 2020 M1 mới vẫn luôn tuân thủ triết lý thiết kế với những đường nét đơn nhưng vô cùng sang trọng. Máy có độ mỏng nhẹ chỉ 1,29kg và các cạnh tràn viền khiến thiết bị trở nên đẹp hơn và cao cấp hơn.',0,0,2,'2023-07-14 00:00:00','2023-07-14 00:00:00'),(17,'Apple MacBook Air M1 256GB 2020','- Phù hợp cho lập trình viên, thiết kế đồ họa 2D, dân văn phòng\\n - Đa nhiệm mượt mà - Ram 8GB cho phép vừa mở trình duyệt để tra cứu thông tin, vừa làm việc trên phần mềm ',18690000,17000000,5,'https://cdn2.cellphones.com.vn/358x358,webp,q100/media/catalog/product/a/i/air_m2.png','- Macbook Air M1 là dòng sản phẩm có thiết kế mỏng nhẹ, sang trọng và tinh tế cùng với đó là giá thành phải chăng nên MacBook Air đã thu hút được đông đảo người dùng yêu thích và lựa chọn. Đây cũng là một trong những phiên bản Macbook Air mới nhất mà khách hàng không thể bỏ qua khi đến với CellphoneS. Dưới đây là chi tiết về thiết kế, cấu hình của máy. \\n\\n - Macbook Air 2020 M1 mới vẫn luôn tuân thủ triết lý thiết kế với những đường nét đơn nhưng vô cùng sang trọng. Máy có độ mỏng nhẹ chỉ 1,29kg và các cạnh tràn viền khiến thiết bị trở nên đẹp hơn và cao cấp hơn.',0,0,3,'2023-07-16 00:00:00','2023-07-16 00:00:00'),(18,'Laptop ASUS Gaming TUF FX506LHB-HN188W','R5-6600H/8GB/512GB PCIE/15.6 FHD 165HZ/VGA 4GB RTX3050/WIN11/XÁM ',18690000,17000000,5,'https://cdn2.cellphones.com.vn/358x358,webp,q100/media/catalog/product/a/i/air_m2.png','- Macbook Air M1 là dòng sản phẩm có thiết kế mỏng nhẹ, sang trọng và tinh tế cùng với đó là giá thành phải chăng nên MacBook Air đã thu hút được đông đảo người dùng yêu thích và lựa chọn. Đây cũng là một trong những phiên bản Macbook Air mới nhất mà khách hàng không thể bỏ qua khi đến với CellphoneS. Dưới đây là chi tiết về thiết kế, cấu hình của máy. \\n\\n - Macbook Air 2020 M1 mới vẫn luôn tuân thủ triết lý thiết kế với những đường nét đơn nhưng vô cùng sang trọng. Máy có độ mỏng nhẹ chỉ 1,29kg và các cạnh tràn viền khiến thiết bị trở nên đẹp hơn và cao cấp hơn.',0,0,6,'2023-07-16 00:00:00','2023-07-16 00:00:00'),(19,'Laptop Lenovo Gaming Legion 5 15ARH7 82RE002VVN','R5-6600H/8GB/512GB PCIE/15.6 FHD 165HZ/VGA 4GB RTX3050/WIN11/XÁM',18690000,17000000,5,'https://cdn2.cellphones.com.vn/358x358,webp,q100/media/catalog/product/a/i/air_m2.png','- Macbook Air M1 là dòng sản phẩm có thiết kế mỏng nhẹ, sang trọng và tinh tế cùng với đó là giá thành phải chăng nên MacBook Air đã thu hút được đông đảo người dùng yêu thích và lựa chọn. Đây cũng là một trong những phiên bản Macbook Air mới nhất mà khách hàng không thể bỏ qua khi đến với CellphoneS. Dưới đây là chi tiết về thiết kế, cấu hình của máy. \\n\\n - Macbook Air 2020 M1 mới vẫn luôn tuân thủ triết lý thiết kế với những đường nét đơn nhưng vô cùng sang trọng. Máy có độ mỏng nhẹ chỉ 1,29kg và các cạnh tràn viền khiến thiết bị trở nên đẹp hơn và cao cấp hơn.',0,0,6,'2023-07-16 00:00:00','2023-07-16 00:00:00'),(20,'Laptop gaming MSI GF63 Thin 11SC 664VN','I5-11400H/8GB/512GB PCIE/VGA 4GB GTX1650/15.6 FHD 144HZ/WIN11/ĐEN',14000000,13000000,6,'https://cdn2.cellphones.com.vn/x358,webp,q100/media/catalog/product/t/e/text_ng_n_21_.png','- Laptop MSI Gaming GF63 Thin 11SC-664VN là sản phẩm thuộc phân khúc giá tầm trung, phù hợp với những game thủ.\n Đây là dòng laptop có vẻ ngoài nhỏ gọn nhưng vẫn mang đậm phong cách gaming.Vẻ ngoài thanh mảnh nhưng vẫn đậm chất gaming: Nhìn chung, chiếc laptop mang một vẻ ngoài khá thon gọn, tổng bề dày chỉ 21,7 mm và có khối lượng khoảng 1,86kg. Tuy nhiên vì là dòng máy gaming nên ở phần giữa của nắp máy được in chìm logo rồng đỏ quen thuộc nhằm tạo điểm nhấn. Đặc biệt hơn, phần thông gió ở phía dưới được in ẩn hình chữ X khá độc đáo.\n - Dòng Laptop MSI Gaming GF63 Thin 11SC-664VN được trang bị bộ vi xử lý Intel Core thế hệ thứ 11 giúp tăng hiệu suất làm việc lên 15% so với các dòng máy thế hệ trước.',0,0,4,'2023-07-15 00:00:00','2023-07-15 00:00:00'),(21,'Laptop Dell Latidude 7320 9PPWV','- I5-1145G7/16GB/256GB PCIE/13.3 FHD/WIN11 PRO/NHẬP KHẨU CHÍNH HÃN',16600000,15000000,10,'https://cdn2.cellphones.com.vn/358x358,webp,q100/media/catalog/product/l/a/laptop-dell-latitude-7320-9ppwv.png','- Laptop Dell Latitude 7320 9PPWV là chiếc laptop được thiết kế chuyên nghiệp để xử lý các tác vụ văn phòng, duyệt web, email,...Màn hình 13.3 inch tiện lợi cho di chuyển, bộ vi xử lý Intel Core i5 siêu mạnh mẽ là những điểm mạnh của chiếc laptop này. Cụ thể hơn hãy xem đoạn mô tả sau đây để nắm được ưu thế khi chọn mua laptop Dell Latitude nhé.Ram lớn, thỏa mãn nhu cầu lưu trữ, Laptop Dell Latitude 7320 9PPWV được tích hợp bộ ram 16GB, cho phép bạn chạy nhiều ứng dụng cùng lúc không lo gián đoạn. Bạn có thể xử lý các tập tin đồ họa, video nhanh chóng, chơi game giải trí ổn định',0,0,1,'2023-07-16 00:00:00','2023-07-16 00:00:00'),(22,'Laptop ASUS Gaming TUF FX506LHB-HN188W','- Phù hợp cho lập trình viên, thiết kế đồ họa 2D, dân văn phòng\\n - Đa nhiệm mượt mà - Ram 8GB cho phép vừa mở trình duyệt để tra cứu thông tin, vừa làm việc trên phần mềm ',18690000,17000000,5,'https://cdn2.cellphones.com.vn/358x358,webp,q100/media/catalog/product/a/i/air_m2.png','- Macbook Air M1 là dòng sản phẩm có thiết kế mỏng nhẹ, sang trọng và tinh tế cùng với đó là giá thành phải chăng nên MacBook Air đã thu hút được đông đảo người dùng yêu thích và lựa chọn. Đây cũng là một trong những phiên bản Macbook Air mới nhất mà khách hàng không thể bỏ qua khi đến với CellphoneS. Dưới đây là chi tiết về thiết kế, cấu hình của máy. \\n\\n - Macbook Air 2020 M1 mới vẫn luôn tuân thủ triết lý thiết kế với những đường nét đơn nhưng vô cùng sang trọng. Máy có độ mỏng nhẹ chỉ 1,29kg và các cạnh tràn viền khiến thiết bị trở nên đẹp hơn và cao cấp hơn.',0,0,6,'2023-07-16 00:00:00','2023-07-16 00:00:00'),(23,'Apple MacBook Air M1 256GB 2020','- Phù hợp cho lập trình viên, thiết kế đồ họa 2D, dân văn phòng\\n - Đa nhiệm mượt mà - Ram 8GB cho phép vừa mở trình duyệt để tra cứu thông tin, vừa làm việc trên phần mềm ',18690000,17000000,5,'https://cdn2.cellphones.com.vn/358x358,webp,q100/media/catalog/product/a/i/air_m2.png','- Macbook Air M1 là dòng sản phẩm có thiết kế mỏng nhẹ, sang trọng và tinh tế cùng với đó là giá thành phải chăng nên MacBook Air đã thu hút được đông đảo người dùng yêu thích và lựa chọn. Đây cũng là một trong những phiên bản Macbook Air mới nhất mà khách hàng không thể bỏ qua khi đến với CellphoneS. Dưới đây là chi tiết về thiết kế, cấu hình của máy. \\n\\n - Macbook Air 2020 M1 mới vẫn luôn tuân thủ triết lý thiết kế với những đường nét đơn nhưng vô cùng sang trọng. Máy có độ mỏng nhẹ chỉ 1,29kg và các cạnh tràn viền khiến thiết bị trở nên đẹp hơn và cao cấp hơn.',0,0,1,'2023-07-13 00:00:00','2023-07-13 00:00:00'),(24,'Laptop ASUS Gaming TUF FX506LHB-HN188W','- Phù hợp cho lập trình viên, thiết kế đồ họa 2D, dân văn phòng\\n - Đa nhiệm mượt mà - Ram 8GB cho phép vừa mở trình duyệt để tra cứu thông tin, vừa làm việc trên phần mềm ',18690000,17000000,5,'https://cdn2.cellphones.com.vn/358x358,webp,q100/media/catalog/product/a/i/air_m2.png','- Macbook Air M1 là dòng sản phẩm có thiết kế mỏng nhẹ, sang trọng và tinh tế cùng với đó là giá thành phải chăng nên MacBook Air đã thu hút được đông đảo người dùng yêu thích và lựa chọn. Đây cũng là một trong những phiên bản Macbook Air mới nhất mà khách hàng không thể bỏ qua khi đến với CellphoneS. Dưới đây là chi tiết về thiết kế, cấu hình của máy. \\n\\n - Macbook Air 2020 M1 mới vẫn luôn tuân thủ triết lý thiết kế với những đường nét đơn nhưng vô cùng sang trọng. Máy có độ mỏng nhẹ chỉ 1,29kg và các cạnh tràn viền khiến thiết bị trở nên đẹp hơn và cao cấp hơn.',0,0,5,'2023-07-12 00:00:00','2023-07-12 00:00:00'),(25,'Laptop Lenovo Gaming Legion 5 15ARH7 82RE002VVN','- Phù hợp cho lập trình viên, thiết kế đồ họa 2D, dân văn phòng\\n - Đa nhiệm mượt mà - Ram 8GB cho phép vừa mở trình duyệt để tra cứu thông tin, vừa làm việc trên phần mềm ',18690000,17000000,5,'https://cdn2.cellphones.com.vn/358x358,webp,q100/media/catalog/product/a/i/air_m2.png','- Macbook Air M1 là dòng sản phẩm có thiết kế mỏng nhẹ, sang trọng và tinh tế cùng với đó là giá thành phải chăng nên MacBook Air đã thu hút được đông đảo người dùng yêu thích và lựa chọn. Đây cũng là một trong những phiên bản Macbook Air mới nhất mà khách hàng không thể bỏ qua khi đến với CellphoneS. Dưới đây là chi tiết về thiết kế, cấu hình của máy. \\n\\n - Macbook Air 2020 M1 mới vẫn luôn tuân thủ triết lý thiết kế với những đường nét đơn nhưng vô cùng sang trọng. Máy có độ mỏng nhẹ chỉ 1,29kg và các cạnh tràn viền khiến thiết bị trở nên đẹp hơn và cao cấp hơn.',0,0,2,'2023-07-14 00:00:00','2023-07-14 00:00:00'),(26,'Apple MacBook Air M1 256GB 2020','- Phù hợp cho lập trình viên, thiết kế đồ họa 2D, dân văn phòng\\n - Đa nhiệm mượt mà - Ram 8GB cho phép vừa mở trình duyệt để tra cứu thông tin, vừa làm việc trên phần mềm ',18690000,17000000,5,'https://cdn2.cellphones.com.vn/358x358,webp,q100/media/catalog/product/a/i/air_m2.png','- Macbook Air M1 là dòng sản phẩm có thiết kế mỏng nhẹ, sang trọng và tinh tế cùng với đó là giá thành phải chăng nên MacBook Air đã thu hút được đông đảo người dùng yêu thích và lựa chọn. Đây cũng là một trong những phiên bản Macbook Air mới nhất mà khách hàng không thể bỏ qua khi đến với CellphoneS. Dưới đây là chi tiết về thiết kế, cấu hình của máy. \\n\\n - Macbook Air 2020 M1 mới vẫn luôn tuân thủ triết lý thiết kế với những đường nét đơn nhưng vô cùng sang trọng. Máy có độ mỏng nhẹ chỉ 1,29kg và các cạnh tràn viền khiến thiết bị trở nên đẹp hơn và cao cấp hơn.',0,0,3,'2023-07-16 00:00:00','2023-07-16 00:00:00'),(27,'Laptop ASUS Gaming TUF FX506LHB-HN188W','R5-6600H/8GB/512GB PCIE/15.6 FHD 165HZ/VGA 4GB RTX3050/WIN11/XÁM ',18690000,17000000,5,'https://cdn2.cellphones.com.vn/358x358,webp,q100/media/catalog/product/a/i/air_m2.png','- Macbook Air M1 là dòng sản phẩm có thiết kế mỏng nhẹ, sang trọng và tinh tế cùng với đó là giá thành phải chăng nên MacBook Air đã thu hút được đông đảo người dùng yêu thích và lựa chọn. Đây cũng là một trong những phiên bản Macbook Air mới nhất mà khách hàng không thể bỏ qua khi đến với CellphoneS. Dưới đây là chi tiết về thiết kế, cấu hình của máy. \\n\\n - Macbook Air 2020 M1 mới vẫn luôn tuân thủ triết lý thiết kế với những đường nét đơn nhưng vô cùng sang trọng. Máy có độ mỏng nhẹ chỉ 1,29kg và các cạnh tràn viền khiến thiết bị trở nên đẹp hơn và cao cấp hơn.',0,0,6,'2023-07-16 00:00:00','2023-07-16 00:00:00'),(28,'Laptop Lenovo Gaming Legion 5 15ARH7 82RE002VVN','R5-6600H/8GB/512GB PCIE/15.6 FHD 165HZ/VGA 4GB RTX3050/WIN11/XÁM',18690000,17000000,5,'https://cdn2.cellphones.com.vn/358x358,webp,q100/media/catalog/product/a/i/air_m2.png','- Macbook Air M1 là dòng sản phẩm có thiết kế mỏng nhẹ, sang trọng và tinh tế cùng với đó là giá thành phải chăng nên MacBook Air đã thu hút được đông đảo người dùng yêu thích và lựa chọn. Đây cũng là một trong những phiên bản Macbook Air mới nhất mà khách hàng không thể bỏ qua khi đến với CellphoneS. Dưới đây là chi tiết về thiết kế, cấu hình của máy. \\n\\n - Macbook Air 2020 M1 mới vẫn luôn tuân thủ triết lý thiết kế với những đường nét đơn nhưng vô cùng sang trọng. Máy có độ mỏng nhẹ chỉ 1,29kg và các cạnh tràn viền khiến thiết bị trở nên đẹp hơn và cao cấp hơn.',0,0,6,'2023-07-16 00:00:00','2023-07-16 00:00:00'),(29,'Laptop gaming MSI GF63 Thin 11SC 664VN','I5-11400H/8GB/512GB PCIE/VGA 4GB GTX1650/15.6 FHD 144HZ/WIN11/ĐEN',14000000,13000000,6,'https://cdn2.cellphones.com.vn/x358,webp,q100/media/catalog/product/t/e/text_ng_n_21_.png','- Laptop MSI Gaming GF63 Thin 11SC-664VN là sản phẩm thuộc phân khúc giá tầm trung, phù hợp với những game thủ.\n Đây là dòng laptop có vẻ ngoài nhỏ gọn nhưng vẫn mang đậm phong cách gaming.Vẻ ngoài thanh mảnh nhưng vẫn đậm chất gaming: Nhìn chung, chiếc laptop mang một vẻ ngoài khá thon gọn, tổng bề dày chỉ 21,7 mm và có khối lượng khoảng 1,86kg. Tuy nhiên vì là dòng máy gaming nên ở phần giữa của nắp máy được in chìm logo rồng đỏ quen thuộc nhằm tạo điểm nhấn. Đặc biệt hơn, phần thông gió ở phía dưới được in ẩn hình chữ X khá độc đáo.\n - Dòng Laptop MSI Gaming GF63 Thin 11SC-664VN được trang bị bộ vi xử lý Intel Core thế hệ thứ 11 giúp tăng hiệu suất làm việc lên 15% so với các dòng máy thế hệ trước.',0,0,4,'2023-07-15 00:00:00','2023-07-15 00:00:00'),(30,'Laptop Dell Latidude 7320 9PPWV','- I5-1145G7/16GB/256GB PCIE/13.3 FHD/WIN11 PRO/NHẬP KHẨU CHÍNH HÃN',16600000,15000000,10,'https://cdn2.cellphones.com.vn/358x358,webp,q100/media/catalog/product/l/a/laptop-dell-latitude-7320-9ppwv.png','- Laptop Dell Latitude 7320 9PPWV là chiếc laptop được thiết kế chuyên nghiệp để xử lý các tác vụ văn phòng, duyệt web, email,...Màn hình 13.3 inch tiện lợi cho di chuyển, bộ vi xử lý Intel Core i5 siêu mạnh mẽ là những điểm mạnh của chiếc laptop này. Cụ thể hơn hãy xem đoạn mô tả sau đây để nắm được ưu thế khi chọn mua laptop Dell Latitude nhé.Ram lớn, thỏa mãn nhu cầu lưu trữ, Laptop Dell Latitude 7320 9PPWV được tích hợp bộ ram 16GB, cho phép bạn chạy nhiều ứng dụng cùng lúc không lo gián đoạn. Bạn có thể xử lý các tập tin đồ họa, video nhanh chóng, chơi game giải trí ổn định',0,0,1,'2023-07-16 00:00:00','2023-07-16 00:00:00'),(31,'Laptop ASUS Gaming TUF FX506LHB-HN188W','- Phù hợp cho lập trình viên, thiết kế đồ họa 2D, dân văn phòng\\n - Đa nhiệm mượt mà - Ram 8GB cho phép vừa mở trình duyệt để tra cứu thông tin, vừa làm việc trên phần mềm ',18690000,17000000,5,'https://cdn2.cellphones.com.vn/358x358,webp,q100/media/catalog/product/a/i/air_m2.png','- Macbook Air M1 là dòng sản phẩm có thiết kế mỏng nhẹ, sang trọng và tinh tế cùng với đó là giá thành phải chăng nên MacBook Air đã thu hút được đông đảo người dùng yêu thích và lựa chọn. Đây cũng là một trong những phiên bản Macbook Air mới nhất mà khách hàng không thể bỏ qua khi đến với CellphoneS. Dưới đây là chi tiết về thiết kế, cấu hình của máy. \\n\\n - Macbook Air 2020 M1 mới vẫn luôn tuân thủ triết lý thiết kế với những đường nét đơn nhưng vô cùng sang trọng. Máy có độ mỏng nhẹ chỉ 1,29kg và các cạnh tràn viền khiến thiết bị trở nên đẹp hơn và cao cấp hơn.',0,0,6,'2023-07-16 00:00:00','2023-07-16 00:00:00'),(32,'Apple MacBook Air M1 256GB 2020','- Phù hợp cho lập trình viên, thiết kế đồ họa 2D, dân văn phòng\\n - Đa nhiệm mượt mà - Ram 8GB cho phép vừa mở trình duyệt để tra cứu thông tin, vừa làm việc trên phần mềm ',18690000,17000000,5,'https://cdn2.cellphones.com.vn/358x358,webp,q100/media/catalog/product/a/i/air_m2.png','- Macbook Air M1 là dòng sản phẩm có thiết kế mỏng nhẹ, sang trọng và tinh tế cùng với đó là giá thành phải chăng nên MacBook Air đã thu hút được đông đảo người dùng yêu thích và lựa chọn. Đây cũng là một trong những phiên bản Macbook Air mới nhất mà khách hàng không thể bỏ qua khi đến với CellphoneS. Dưới đây là chi tiết về thiết kế, cấu hình của máy. \\n\\n - Macbook Air 2020 M1 mới vẫn luôn tuân thủ triết lý thiết kế với những đường nét đơn nhưng vô cùng sang trọng. Máy có độ mỏng nhẹ chỉ 1,29kg và các cạnh tràn viền khiến thiết bị trở nên đẹp hơn và cao cấp hơn.',0,0,1,'2023-07-13 00:00:00','2023-07-13 00:00:00'),(33,'Laptop ASUS Gaming TUF FX506LHB-HN188W','- Phù hợp cho lập trình viên, thiết kế đồ họa 2D, dân văn phòng\\n - Đa nhiệm mượt mà - Ram 8GB cho phép vừa mở trình duyệt để tra cứu thông tin, vừa làm việc trên phần mềm ',18690000,17000000,5,'https://cdn2.cellphones.com.vn/358x358,webp,q100/media/catalog/product/a/i/air_m2.png','- Macbook Air M1 là dòng sản phẩm có thiết kế mỏng nhẹ, sang trọng và tinh tế cùng với đó là giá thành phải chăng nên MacBook Air đã thu hút được đông đảo người dùng yêu thích và lựa chọn. Đây cũng là một trong những phiên bản Macbook Air mới nhất mà khách hàng không thể bỏ qua khi đến với CellphoneS. Dưới đây là chi tiết về thiết kế, cấu hình của máy. \\n\\n - Macbook Air 2020 M1 mới vẫn luôn tuân thủ triết lý thiết kế với những đường nét đơn nhưng vô cùng sang trọng. Máy có độ mỏng nhẹ chỉ 1,29kg và các cạnh tràn viền khiến thiết bị trở nên đẹp hơn và cao cấp hơn.',0,0,5,'2023-07-12 00:00:00','2023-07-12 00:00:00'),(34,'Laptop Lenovo Gaming Legion 5 15ARH7 82RE002VVN','- Phù hợp cho lập trình viên, thiết kế đồ họa 2D, dân văn phòng\\n - Đa nhiệm mượt mà - Ram 8GB cho phép vừa mở trình duyệt để tra cứu thông tin, vừa làm việc trên phần mềm ',18690000,17000000,5,'https://cdn2.cellphones.com.vn/358x358,webp,q100/media/catalog/product/a/i/air_m2.png','- Macbook Air M1 là dòng sản phẩm có thiết kế mỏng nhẹ, sang trọng và tinh tế cùng với đó là giá thành phải chăng nên MacBook Air đã thu hút được đông đảo người dùng yêu thích và lựa chọn. Đây cũng là một trong những phiên bản Macbook Air mới nhất mà khách hàng không thể bỏ qua khi đến với CellphoneS. Dưới đây là chi tiết về thiết kế, cấu hình của máy. \\n\\n - Macbook Air 2020 M1 mới vẫn luôn tuân thủ triết lý thiết kế với những đường nét đơn nhưng vô cùng sang trọng. Máy có độ mỏng nhẹ chỉ 1,29kg và các cạnh tràn viền khiến thiết bị trở nên đẹp hơn và cao cấp hơn.',0,0,2,'2023-07-14 00:00:00','2023-07-14 00:00:00'),(35,'Apple MacBook Air M1 256GB 2020','- Phù hợp cho lập trình viên, thiết kế đồ họa 2D, dân văn phòng\\n - Đa nhiệm mượt mà - Ram 8GB cho phép vừa mở trình duyệt để tra cứu thông tin, vừa làm việc trên phần mềm ',18690000,17000000,5,'https://cdn2.cellphones.com.vn/358x358,webp,q100/media/catalog/product/a/i/air_m2.png','- Macbook Air M1 là dòng sản phẩm có thiết kế mỏng nhẹ, sang trọng và tinh tế cùng với đó là giá thành phải chăng nên MacBook Air đã thu hút được đông đảo người dùng yêu thích và lựa chọn. Đây cũng là một trong những phiên bản Macbook Air mới nhất mà khách hàng không thể bỏ qua khi đến với CellphoneS. Dưới đây là chi tiết về thiết kế, cấu hình của máy. \\n\\n - Macbook Air 2020 M1 mới vẫn luôn tuân thủ triết lý thiết kế với những đường nét đơn nhưng vô cùng sang trọng. Máy có độ mỏng nhẹ chỉ 1,29kg và các cạnh tràn viền khiến thiết bị trở nên đẹp hơn và cao cấp hơn.',0,0,3,'2023-07-16 00:00:00','2023-07-16 00:00:00'),(36,'Laptop ASUS Gaming TUF FX506LHB-HN188W','R5-6600H/8GB/512GB PCIE/15.6 FHD 165HZ/VGA 4GB RTX3050/WIN11/XÁM ',18690000,17000000,5,'https://cdn2.cellphones.com.vn/358x358,webp,q100/media/catalog/product/a/i/air_m2.png','- Macbook Air M1 là dòng sản phẩm có thiết kế mỏng nhẹ, sang trọng và tinh tế cùng với đó là giá thành phải chăng nên MacBook Air đã thu hút được đông đảo người dùng yêu thích và lựa chọn. Đây cũng là một trong những phiên bản Macbook Air mới nhất mà khách hàng không thể bỏ qua khi đến với CellphoneS. Dưới đây là chi tiết về thiết kế, cấu hình của máy. \\n\\n - Macbook Air 2020 M1 mới vẫn luôn tuân thủ triết lý thiết kế với những đường nét đơn nhưng vô cùng sang trọng. Máy có độ mỏng nhẹ chỉ 1,29kg và các cạnh tràn viền khiến thiết bị trở nên đẹp hơn và cao cấp hơn.',0,0,6,'2023-07-16 00:00:00','2023-07-16 00:00:00'),(37,'Laptop Lenovo Gaming Legion 5 15ARH7 82RE002VVN','R5-6600H/8GB/512GB PCIE/15.6 FHD 165HZ/VGA 4GB RTX3050/WIN11/XÁM',18690000,17000000,5,'https://cdn2.cellphones.com.vn/358x358,webp,q100/media/catalog/product/a/i/air_m2.png','- Macbook Air M1 là dòng sản phẩm có thiết kế mỏng nhẹ, sang trọng và tinh tế cùng với đó là giá thành phải chăng nên MacBook Air đã thu hút được đông đảo người dùng yêu thích và lựa chọn. Đây cũng là một trong những phiên bản Macbook Air mới nhất mà khách hàng không thể bỏ qua khi đến với CellphoneS. Dưới đây là chi tiết về thiết kế, cấu hình của máy. \\n\\n - Macbook Air 2020 M1 mới vẫn luôn tuân thủ triết lý thiết kế với những đường nét đơn nhưng vô cùng sang trọng. Máy có độ mỏng nhẹ chỉ 1,29kg và các cạnh tràn viền khiến thiết bị trở nên đẹp hơn và cao cấp hơn.',0,0,6,'2023-07-16 00:00:00','2023-07-16 00:00:00'),(38,'Laptop gaming MSI GF63 Thin 11SC 664VN','I5-11400H/8GB/512GB PCIE/VGA 4GB GTX1650/15.6 FHD 144HZ/WIN11/ĐEN',14000000,13000000,6,'https://cdn2.cellphones.com.vn/x358,webp,q100/media/catalog/product/t/e/text_ng_n_21_.png','- Laptop MSI Gaming GF63 Thin 11SC-664VN là sản phẩm thuộc phân khúc giá tầm trung, phù hợp với những game thủ.\n Đây là dòng laptop có vẻ ngoài nhỏ gọn nhưng vẫn mang đậm phong cách gaming.Vẻ ngoài thanh mảnh nhưng vẫn đậm chất gaming: Nhìn chung, chiếc laptop mang một vẻ ngoài khá thon gọn, tổng bề dày chỉ 21,7 mm và có khối lượng khoảng 1,86kg. Tuy nhiên vì là dòng máy gaming nên ở phần giữa của nắp máy được in chìm logo rồng đỏ quen thuộc nhằm tạo điểm nhấn. Đặc biệt hơn, phần thông gió ở phía dưới được in ẩn hình chữ X khá độc đáo.\n - Dòng Laptop MSI Gaming GF63 Thin 11SC-664VN được trang bị bộ vi xử lý Intel Core thế hệ thứ 11 giúp tăng hiệu suất làm việc lên 15% so với các dòng máy thế hệ trước.',0,0,4,'2023-07-15 00:00:00','2023-07-15 00:00:00'),(39,'Laptop Dell Latidude 7320 9PPWV','- I5-1145G7/16GB/256GB PCIE/13.3 FHD/WIN11 PRO/NHẬP KHẨU CHÍNH HÃN',16600000,15000000,10,'https://cdn2.cellphones.com.vn/358x358,webp,q100/media/catalog/product/l/a/laptop-dell-latitude-7320-9ppwv.png','- Laptop Dell Latitude 7320 9PPWV là chiếc laptop được thiết kế chuyên nghiệp để xử lý các tác vụ văn phòng, duyệt web, email,...Màn hình 13.3 inch tiện lợi cho di chuyển, bộ vi xử lý Intel Core i5 siêu mạnh mẽ là những điểm mạnh của chiếc laptop này. Cụ thể hơn hãy xem đoạn mô tả sau đây để nắm được ưu thế khi chọn mua laptop Dell Latitude nhé.Ram lớn, thỏa mãn nhu cầu lưu trữ, Laptop Dell Latitude 7320 9PPWV được tích hợp bộ ram 16GB, cho phép bạn chạy nhiều ứng dụng cùng lúc không lo gián đoạn. Bạn có thể xử lý các tập tin đồ họa, video nhanh chóng, chơi game giải trí ổn định',0,0,1,'2023-07-16 00:00:00','2023-07-16 00:00:00'),(40,'Laptop ASUS Gaming TUF FX506LHB-HN188W','- Phù hợp cho lập trình viên, thiết kế đồ họa 2D, dân văn phòng\\n - Đa nhiệm mượt mà - Ram 8GB cho phép vừa mở trình duyệt để tra cứu thông tin, vừa làm việc trên phần mềm ',18690000,17000000,5,'https://cdn2.cellphones.com.vn/358x358,webp,q100/media/catalog/product/a/i/air_m2.png','- Macbook Air M1 là dòng sản phẩm có thiết kế mỏng nhẹ, sang trọng và tinh tế cùng với đó là giá thành phải chăng nên MacBook Air đã thu hút được đông đảo người dùng yêu thích và lựa chọn. Đây cũng là một trong những phiên bản Macbook Air mới nhất mà khách hàng không thể bỏ qua khi đến với CellphoneS. Dưới đây là chi tiết về thiết kế, cấu hình của máy. \\n\\n - Macbook Air 2020 M1 mới vẫn luôn tuân thủ triết lý thiết kế với những đường nét đơn nhưng vô cùng sang trọng. Máy có độ mỏng nhẹ chỉ 1,29kg và các cạnh tràn viền khiến thiết bị trở nên đẹp hơn và cao cấp hơn.',0,0,6,'2023-07-16 00:00:00','2023-07-16 00:00:00'),(41,'Apple MacBook Air M1 256GB 2020','- Phù hợp cho lập trình viên, thiết kế đồ họa 2D, dân văn phòng\\n - Đa nhiệm mượt mà - Ram 8GB cho phép vừa mở trình duyệt để tra cứu thông tin, vừa làm việc trên phần mềm ',18690000,17000000,5,'https://cdn2.cellphones.com.vn/358x358,webp,q100/media/catalog/product/a/i/air_m2.png','- Macbook Air M1 là dòng sản phẩm có thiết kế mỏng nhẹ, sang trọng và tinh tế cùng với đó là giá thành phải chăng nên MacBook Air đã thu hút được đông đảo người dùng yêu thích và lựa chọn. Đây cũng là một trong những phiên bản Macbook Air mới nhất mà khách hàng không thể bỏ qua khi đến với CellphoneS. Dưới đây là chi tiết về thiết kế, cấu hình của máy. \\n\\n - Macbook Air 2020 M1 mới vẫn luôn tuân thủ triết lý thiết kế với những đường nét đơn nhưng vô cùng sang trọng. Máy có độ mỏng nhẹ chỉ 1,29kg và các cạnh tràn viền khiến thiết bị trở nên đẹp hơn và cao cấp hơn.',0,0,1,'2023-07-13 00:00:00','2023-07-13 00:00:00'),(42,'Laptop ASUS Gaming TUF FX506LHB-HN188W','- Phù hợp cho lập trình viên, thiết kế đồ họa 2D, dân văn phòng\\n - Đa nhiệm mượt mà - Ram 8GB cho phép vừa mở trình duyệt để tra cứu thông tin, vừa làm việc trên phần mềm ',18690000,17000000,5,'https://cdn2.cellphones.com.vn/358x358,webp,q100/media/catalog/product/a/i/air_m2.png','- Macbook Air M1 là dòng sản phẩm có thiết kế mỏng nhẹ, sang trọng và tinh tế cùng với đó là giá thành phải chăng nên MacBook Air đã thu hút được đông đảo người dùng yêu thích và lựa chọn. Đây cũng là một trong những phiên bản Macbook Air mới nhất mà khách hàng không thể bỏ qua khi đến với CellphoneS. Dưới đây là chi tiết về thiết kế, cấu hình của máy. \\n\\n - Macbook Air 2020 M1 mới vẫn luôn tuân thủ triết lý thiết kế với những đường nét đơn nhưng vô cùng sang trọng. Máy có độ mỏng nhẹ chỉ 1,29kg và các cạnh tràn viền khiến thiết bị trở nên đẹp hơn và cao cấp hơn.',0,0,5,'2023-07-12 00:00:00','2023-07-12 00:00:00'),(43,'Laptop Lenovo Gaming Legion 5 15ARH7 82RE002VVN','- Phù hợp cho lập trình viên, thiết kế đồ họa 2D, dân văn phòng\\n - Đa nhiệm mượt mà - Ram 8GB cho phép vừa mở trình duyệt để tra cứu thông tin, vừa làm việc trên phần mềm ',18690000,17000000,5,'https://cdn2.cellphones.com.vn/358x358,webp,q100/media/catalog/product/a/i/air_m2.png','- Macbook Air M1 là dòng sản phẩm có thiết kế mỏng nhẹ, sang trọng và tinh tế cùng với đó là giá thành phải chăng nên MacBook Air đã thu hút được đông đảo người dùng yêu thích và lựa chọn. Đây cũng là một trong những phiên bản Macbook Air mới nhất mà khách hàng không thể bỏ qua khi đến với CellphoneS. Dưới đây là chi tiết về thiết kế, cấu hình của máy. \\n\\n - Macbook Air 2020 M1 mới vẫn luôn tuân thủ triết lý thiết kế với những đường nét đơn nhưng vô cùng sang trọng. Máy có độ mỏng nhẹ chỉ 1,29kg và các cạnh tràn viền khiến thiết bị trở nên đẹp hơn và cao cấp hơn.',0,0,2,'2023-07-14 00:00:00','2023-07-14 00:00:00'),(44,'Apple MacBook Air M1 256GB 2020','- Phù hợp cho lập trình viên, thiết kế đồ họa 2D, dân văn phòng\\n - Đa nhiệm mượt mà - Ram 8GB cho phép vừa mở trình duyệt để tra cứu thông tin, vừa làm việc trên phần mềm ',18690000,17000000,5,'https://cdn2.cellphones.com.vn/358x358,webp,q100/media/catalog/product/a/i/air_m2.png','- Macbook Air M1 là dòng sản phẩm có thiết kế mỏng nhẹ, sang trọng và tinh tế cùng với đó là giá thành phải chăng nên MacBook Air đã thu hút được đông đảo người dùng yêu thích và lựa chọn. Đây cũng là một trong những phiên bản Macbook Air mới nhất mà khách hàng không thể bỏ qua khi đến với CellphoneS. Dưới đây là chi tiết về thiết kế, cấu hình của máy. \\n\\n - Macbook Air 2020 M1 mới vẫn luôn tuân thủ triết lý thiết kế với những đường nét đơn nhưng vô cùng sang trọng. Máy có độ mỏng nhẹ chỉ 1,29kg và các cạnh tràn viền khiến thiết bị trở nên đẹp hơn và cao cấp hơn.',0,0,3,'2023-07-16 00:00:00','2023-07-16 00:00:00'),(45,'Laptop ASUS Gaming TUF FX506LHB-HN188W','R5-6600H/8GB/512GB PCIE/15.6 FHD 165HZ/VGA 4GB RTX3050/WIN11/XÁM ',18690000,17000000,5,'https://cdn2.cellphones.com.vn/358x358,webp,q100/media/catalog/product/a/i/air_m2.png','- Macbook Air M1 là dòng sản phẩm có thiết kế mỏng nhẹ, sang trọng và tinh tế cùng với đó là giá thành phải chăng nên MacBook Air đã thu hút được đông đảo người dùng yêu thích và lựa chọn. Đây cũng là một trong những phiên bản Macbook Air mới nhất mà khách hàng không thể bỏ qua khi đến với CellphoneS. Dưới đây là chi tiết về thiết kế, cấu hình của máy. \\n\\n - Macbook Air 2020 M1 mới vẫn luôn tuân thủ triết lý thiết kế với những đường nét đơn nhưng vô cùng sang trọng. Máy có độ mỏng nhẹ chỉ 1,29kg và các cạnh tràn viền khiến thiết bị trở nên đẹp hơn và cao cấp hơn.',0,0,6,'2023-07-16 00:00:00','2023-07-16 00:00:00'),(46,'Laptop Lenovo Gaming Legion 5 15ARH7 82RE002VVN','R5-6600H/8GB/512GB PCIE/15.6 FHD 165HZ/VGA 4GB RTX3050/WIN11/XÁM',18690000,17000000,5,'https://cdn2.cellphones.com.vn/358x358,webp,q100/media/catalog/product/a/i/air_m2.png','- Macbook Air M1 là dòng sản phẩm có thiết kế mỏng nhẹ, sang trọng và tinh tế cùng với đó là giá thành phải chăng nên MacBook Air đã thu hút được đông đảo người dùng yêu thích và lựa chọn. Đây cũng là một trong những phiên bản Macbook Air mới nhất mà khách hàng không thể bỏ qua khi đến với CellphoneS. Dưới đây là chi tiết về thiết kế, cấu hình của máy. \\n\\n - Macbook Air 2020 M1 mới vẫn luôn tuân thủ triết lý thiết kế với những đường nét đơn nhưng vô cùng sang trọng. Máy có độ mỏng nhẹ chỉ 1,29kg và các cạnh tràn viền khiến thiết bị trở nên đẹp hơn và cao cấp hơn.',0,0,6,'2023-07-16 00:00:00','2023-07-16 00:00:00'),(47,'Laptop gaming MSI GF63 Thin 11SC 664VN','I5-11400H/8GB/512GB PCIE/VGA 4GB GTX1650/15.6 FHD 144HZ/WIN11/ĐEN',14000000,13000000,6,'https://cdn2.cellphones.com.vn/x358,webp,q100/media/catalog/product/t/e/text_ng_n_21_.png','- Laptop MSI Gaming GF63 Thin 11SC-664VN là sản phẩm thuộc phân khúc giá tầm trung, phù hợp với những game thủ.\n Đây là dòng laptop có vẻ ngoài nhỏ gọn nhưng vẫn mang đậm phong cách gaming.Vẻ ngoài thanh mảnh nhưng vẫn đậm chất gaming: Nhìn chung, chiếc laptop mang một vẻ ngoài khá thon gọn, tổng bề dày chỉ 21,7 mm và có khối lượng khoảng 1,86kg. Tuy nhiên vì là dòng máy gaming nên ở phần giữa của nắp máy được in chìm logo rồng đỏ quen thuộc nhằm tạo điểm nhấn. Đặc biệt hơn, phần thông gió ở phía dưới được in ẩn hình chữ X khá độc đáo.\n - Dòng Laptop MSI Gaming GF63 Thin 11SC-664VN được trang bị bộ vi xử lý Intel Core thế hệ thứ 11 giúp tăng hiệu suất làm việc lên 15% so với các dòng máy thế hệ trước.',0,0,4,'2023-07-15 00:00:00','2023-07-15 00:00:00'),(48,'Laptop Dell Latidude 7320 9PPWV','- I5-1145G7/16GB/256GB PCIE/13.3 FHD/WIN11 PRO/NHẬP KHẨU CHÍNH HÃN',16600000,15000000,10,'https://cdn2.cellphones.com.vn/358x358,webp,q100/media/catalog/product/l/a/laptop-dell-latitude-7320-9ppwv.png','- Laptop Dell Latitude 7320 9PPWV là chiếc laptop được thiết kế chuyên nghiệp để xử lý các tác vụ văn phòng, duyệt web, email,...Màn hình 13.3 inch tiện lợi cho di chuyển, bộ vi xử lý Intel Core i5 siêu mạnh mẽ là những điểm mạnh của chiếc laptop này. Cụ thể hơn hãy xem đoạn mô tả sau đây để nắm được ưu thế khi chọn mua laptop Dell Latitude nhé.Ram lớn, thỏa mãn nhu cầu lưu trữ, Laptop Dell Latitude 7320 9PPWV được tích hợp bộ ram 16GB, cho phép bạn chạy nhiều ứng dụng cùng lúc không lo gián đoạn. Bạn có thể xử lý các tập tin đồ họa, video nhanh chóng, chơi game giải trí ổn định',0,0,1,'2023-07-16 00:00:00','2023-07-16 00:00:00'),(49,'Laptop ASUS Gaming TUF FX506LHB-HN188W','- Phù hợp cho lập trình viên, thiết kế đồ họa 2D, dân văn phòng\\n - Đa nhiệm mượt mà - Ram 8GB cho phép vừa mở trình duyệt để tra cứu thông tin, vừa làm việc trên phần mềm ',18690000,17000000,5,'https://cdn2.cellphones.com.vn/358x358,webp,q100/media/catalog/product/a/i/air_m2.png','- Macbook Air M1 là dòng sản phẩm có thiết kế mỏng nhẹ, sang trọng và tinh tế cùng với đó là giá thành phải chăng nên MacBook Air đã thu hút được đông đảo người dùng yêu thích và lựa chọn. Đây cũng là một trong những phiên bản Macbook Air mới nhất mà khách hàng không thể bỏ qua khi đến với CellphoneS. Dưới đây là chi tiết về thiết kế, cấu hình của máy. \\n\\n - Macbook Air 2020 M1 mới vẫn luôn tuân thủ triết lý thiết kế với những đường nét đơn nhưng vô cùng sang trọng. Máy có độ mỏng nhẹ chỉ 1,29kg và các cạnh tràn viền khiến thiết bị trở nên đẹp hơn và cao cấp hơn.',0,0,6,'2023-07-16 00:00:00','2023-07-16 00:00:00'),(50,'Apple MacBook Air M1 256GB 2020','- Phù hợp cho lập trình viên, thiết kế đồ họa 2D, dân văn phòng\\n - Đa nhiệm mượt mà - Ram 8GB cho phép vừa mở trình duyệt để tra cứu thông tin, vừa làm việc trên phần mềm ',18690000,17000000,5,'https://cdn2.cellphones.com.vn/358x358,webp,q100/media/catalog/product/a/i/air_m2.png','- Macbook Air M1 là dòng sản phẩm có thiết kế mỏng nhẹ, sang trọng và tinh tế cùng với đó là giá thành phải chăng nên MacBook Air đã thu hút được đông đảo người dùng yêu thích và lựa chọn. Đây cũng là một trong những phiên bản Macbook Air mới nhất mà khách hàng không thể bỏ qua khi đến với CellphoneS. Dưới đây là chi tiết về thiết kế, cấu hình của máy. \\n\\n - Macbook Air 2020 M1 mới vẫn luôn tuân thủ triết lý thiết kế với những đường nét đơn nhưng vô cùng sang trọng. Máy có độ mỏng nhẹ chỉ 1,29kg và các cạnh tràn viền khiến thiết bị trở nên đẹp hơn và cao cấp hơn.',0,0,1,'2023-07-13 00:00:00','2023-07-13 00:00:00'),(51,'Laptop ASUS Gaming TUF FX506LHB-HN188W','- Phù hợp cho lập trình viên, thiết kế đồ họa 2D, dân văn phòng\\n - Đa nhiệm mượt mà - Ram 8GB cho phép vừa mở trình duyệt để tra cứu thông tin, vừa làm việc trên phần mềm ',18690000,17000000,5,'https://cdn2.cellphones.com.vn/358x358,webp,q100/media/catalog/product/a/i/air_m2.png','- Macbook Air M1 là dòng sản phẩm có thiết kế mỏng nhẹ, sang trọng và tinh tế cùng với đó là giá thành phải chăng nên MacBook Air đã thu hút được đông đảo người dùng yêu thích và lựa chọn. Đây cũng là một trong những phiên bản Macbook Air mới nhất mà khách hàng không thể bỏ qua khi đến với CellphoneS. Dưới đây là chi tiết về thiết kế, cấu hình của máy. \\n\\n - Macbook Air 2020 M1 mới vẫn luôn tuân thủ triết lý thiết kế với những đường nét đơn nhưng vô cùng sang trọng. Máy có độ mỏng nhẹ chỉ 1,29kg và các cạnh tràn viền khiến thiết bị trở nên đẹp hơn và cao cấp hơn.',0,0,5,'2023-07-12 00:00:00','2023-07-12 00:00:00'),(52,'Laptop Lenovo Gaming Legion 5 15ARH7 82RE002VVN','- Phù hợp cho lập trình viên, thiết kế đồ họa 2D, dân văn phòng\\n - Đa nhiệm mượt mà - Ram 8GB cho phép vừa mở trình duyệt để tra cứu thông tin, vừa làm việc trên phần mềm ',18690000,17000000,5,'https://cdn2.cellphones.com.vn/358x358,webp,q100/media/catalog/product/a/i/air_m2.png','- Macbook Air M1 là dòng sản phẩm có thiết kế mỏng nhẹ, sang trọng và tinh tế cùng với đó là giá thành phải chăng nên MacBook Air đã thu hút được đông đảo người dùng yêu thích và lựa chọn. Đây cũng là một trong những phiên bản Macbook Air mới nhất mà khách hàng không thể bỏ qua khi đến với CellphoneS. Dưới đây là chi tiết về thiết kế, cấu hình của máy. \\n\\n - Macbook Air 2020 M1 mới vẫn luôn tuân thủ triết lý thiết kế với những đường nét đơn nhưng vô cùng sang trọng. Máy có độ mỏng nhẹ chỉ 1,29kg và các cạnh tràn viền khiến thiết bị trở nên đẹp hơn và cao cấp hơn.',0,0,2,'2023-07-14 00:00:00','2023-07-14 00:00:00'),(53,'Apple MacBook Air M1 256GB 2020','- Phù hợp cho lập trình viên, thiết kế đồ họa 2D, dân văn phòng\\n - Đa nhiệm mượt mà - Ram 8GB cho phép vừa mở trình duyệt để tra cứu thông tin, vừa làm việc trên phần mềm ',18690000,17000000,5,'https://cdn2.cellphones.com.vn/358x358,webp,q100/media/catalog/product/a/i/air_m2.png','- Macbook Air M1 là dòng sản phẩm có thiết kế mỏng nhẹ, sang trọng và tinh tế cùng với đó là giá thành phải chăng nên MacBook Air đã thu hút được đông đảo người dùng yêu thích và lựa chọn. Đây cũng là một trong những phiên bản Macbook Air mới nhất mà khách hàng không thể bỏ qua khi đến với CellphoneS. Dưới đây là chi tiết về thiết kế, cấu hình của máy. \\n\\n - Macbook Air 2020 M1 mới vẫn luôn tuân thủ triết lý thiết kế với những đường nét đơn nhưng vô cùng sang trọng. Máy có độ mỏng nhẹ chỉ 1,29kg và các cạnh tràn viền khiến thiết bị trở nên đẹp hơn và cao cấp hơn.',0,0,3,'2023-07-16 00:00:00','2023-07-16 00:00:00'),(54,'Laptop ASUS Gaming TUF FX506LHB-HN188W','R5-6600H/8GB/512GB PCIE/15.6 FHD 165HZ/VGA 4GB RTX3050/WIN11/XÁM ',18690000,17000000,5,'https://cdn2.cellphones.com.vn/358x358,webp,q100/media/catalog/product/a/i/air_m2.png','- Macbook Air M1 là dòng sản phẩm có thiết kế mỏng nhẹ, sang trọng và tinh tế cùng với đó là giá thành phải chăng nên MacBook Air đã thu hút được đông đảo người dùng yêu thích và lựa chọn. Đây cũng là một trong những phiên bản Macbook Air mới nhất mà khách hàng không thể bỏ qua khi đến với CellphoneS. Dưới đây là chi tiết về thiết kế, cấu hình của máy. \\n\\n - Macbook Air 2020 M1 mới vẫn luôn tuân thủ triết lý thiết kế với những đường nét đơn nhưng vô cùng sang trọng. Máy có độ mỏng nhẹ chỉ 1,29kg và các cạnh tràn viền khiến thiết bị trở nên đẹp hơn và cao cấp hơn.',0,0,6,'2023-07-16 00:00:00','2023-07-16 00:00:00'),(55,'Laptop Lenovo Gaming Legion 5 15ARH7 82RE002VVN','R5-6600H/8GB/512GB PCIE/15.6 FHD 165HZ/VGA 4GB RTX3050/WIN11/XÁM',18690000,17000000,5,'https://cdn2.cellphones.com.vn/358x358,webp,q100/media/catalog/product/a/i/air_m2.png','- Macbook Air M1 là dòng sản phẩm có thiết kế mỏng nhẹ, sang trọng và tinh tế cùng với đó là giá thành phải chăng nên MacBook Air đã thu hút được đông đảo người dùng yêu thích và lựa chọn. Đây cũng là một trong những phiên bản Macbook Air mới nhất mà khách hàng không thể bỏ qua khi đến với CellphoneS. Dưới đây là chi tiết về thiết kế, cấu hình của máy. \\n\\n - Macbook Air 2020 M1 mới vẫn luôn tuân thủ triết lý thiết kế với những đường nét đơn nhưng vô cùng sang trọng. Máy có độ mỏng nhẹ chỉ 1,29kg và các cạnh tràn viền khiến thiết bị trở nên đẹp hơn và cao cấp hơn.',0,0,6,'2023-07-16 00:00:00','2023-07-16 00:00:00'),(56,'Laptop gaming MSI GF63 Thin 11SC 664VN','I5-11400H/8GB/512GB PCIE/VGA 4GB GTX1650/15.6 FHD 144HZ/WIN11/ĐEN',14000000,13000000,6,'https://cdn2.cellphones.com.vn/x358,webp,q100/media/catalog/product/t/e/text_ng_n_21_.png','- Laptop MSI Gaming GF63 Thin 11SC-664VN là sản phẩm thuộc phân khúc giá tầm trung, phù hợp với những game thủ.\n Đây là dòng laptop có vẻ ngoài nhỏ gọn nhưng vẫn mang đậm phong cách gaming.Vẻ ngoài thanh mảnh nhưng vẫn đậm chất gaming: Nhìn chung, chiếc laptop mang một vẻ ngoài khá thon gọn, tổng bề dày chỉ 21,7 mm và có khối lượng khoảng 1,86kg. Tuy nhiên vì là dòng máy gaming nên ở phần giữa của nắp máy được in chìm logo rồng đỏ quen thuộc nhằm tạo điểm nhấn. Đặc biệt hơn, phần thông gió ở phía dưới được in ẩn hình chữ X khá độc đáo.\n - Dòng Laptop MSI Gaming GF63 Thin 11SC-664VN được trang bị bộ vi xử lý Intel Core thế hệ thứ 11 giúp tăng hiệu suất làm việc lên 15% so với các dòng máy thế hệ trước.',0,0,4,'2023-07-15 00:00:00','2023-07-15 00:00:00'),(57,'Laptop Dell Latidude 7320 9PPWV','- I5-1145G7/16GB/256GB PCIE/13.3 FHD/WIN11 PRO/NHẬP KHẨU CHÍNH HÃN',16600000,15000000,10,'https://cdn2.cellphones.com.vn/358x358,webp,q100/media/catalog/product/l/a/laptop-dell-latitude-7320-9ppwv.png','- Laptop Dell Latitude 7320 9PPWV là chiếc laptop được thiết kế chuyên nghiệp để xử lý các tác vụ văn phòng, duyệt web, email,...Màn hình 13.3 inch tiện lợi cho di chuyển, bộ vi xử lý Intel Core i5 siêu mạnh mẽ là những điểm mạnh của chiếc laptop này. Cụ thể hơn hãy xem đoạn mô tả sau đây để nắm được ưu thế khi chọn mua laptop Dell Latitude nhé.Ram lớn, thỏa mãn nhu cầu lưu trữ, Laptop Dell Latitude 7320 9PPWV được tích hợp bộ ram 16GB, cho phép bạn chạy nhiều ứng dụng cùng lúc không lo gián đoạn. Bạn có thể xử lý các tập tin đồ họa, video nhanh chóng, chơi game giải trí ổn định',0,0,1,'2023-07-16 00:00:00','2023-07-16 00:00:00'),(58,'Laptop ASUS Gaming TUF FX506LHB-HN188W','- Phù hợp cho lập trình viên, thiết kế đồ họa 2D, dân văn phòng\\n - Đa nhiệm mượt mà - Ram 8GB cho phép vừa mở trình duyệt để tra cứu thông tin, vừa làm việc trên phần mềm ',18690000,17000000,5,'https://cdn2.cellphones.com.vn/358x358,webp,q100/media/catalog/product/a/i/air_m2.png','- Macbook Air M1 là dòng sản phẩm có thiết kế mỏng nhẹ, sang trọng và tinh tế cùng với đó là giá thành phải chăng nên MacBook Air đã thu hút được đông đảo người dùng yêu thích và lựa chọn. Đây cũng là một trong những phiên bản Macbook Air mới nhất mà khách hàng không thể bỏ qua khi đến với CellphoneS. Dưới đây là chi tiết về thiết kế, cấu hình của máy. \\n\\n - Macbook Air 2020 M1 mới vẫn luôn tuân thủ triết lý thiết kế với những đường nét đơn nhưng vô cùng sang trọng. Máy có độ mỏng nhẹ chỉ 1,29kg và các cạnh tràn viền khiến thiết bị trở nên đẹp hơn và cao cấp hơn.',0,0,6,'2023-07-16 00:00:00','2023-07-16 00:00:00'),(59,'Apple MacBook Air M1 256GB 2020','- Phù hợp cho lập trình viên, thiết kế đồ họa 2D, dân văn phòng\\n - Đa nhiệm mượt mà - Ram 8GB cho phép vừa mở trình duyệt để tra cứu thông tin, vừa làm việc trên phần mềm ',18690000,17000000,5,'https://cdn2.cellphones.com.vn/358x358,webp,q100/media/catalog/product/a/i/air_m2.png','- Macbook Air M1 là dòng sản phẩm có thiết kế mỏng nhẹ, sang trọng và tinh tế cùng với đó là giá thành phải chăng nên MacBook Air đã thu hút được đông đảo người dùng yêu thích và lựa chọn. Đây cũng là một trong những phiên bản Macbook Air mới nhất mà khách hàng không thể bỏ qua khi đến với CellphoneS. Dưới đây là chi tiết về thiết kế, cấu hình của máy. \\n\\n - Macbook Air 2020 M1 mới vẫn luôn tuân thủ triết lý thiết kế với những đường nét đơn nhưng vô cùng sang trọng. Máy có độ mỏng nhẹ chỉ 1,29kg và các cạnh tràn viền khiến thiết bị trở nên đẹp hơn và cao cấp hơn.',0,0,1,'2023-07-13 00:00:00','2023-07-13 00:00:00'),(60,'Laptop ASUS Gaming TUF FX506LHB-HN188W','- Phù hợp cho lập trình viên, thiết kế đồ họa 2D, dân văn phòng\\n - Đa nhiệm mượt mà - Ram 8GB cho phép vừa mở trình duyệt để tra cứu thông tin, vừa làm việc trên phần mềm ',18690000,17000000,5,'https://cdn2.cellphones.com.vn/358x358,webp,q100/media/catalog/product/a/i/air_m2.png','- Macbook Air M1 là dòng sản phẩm có thiết kế mỏng nhẹ, sang trọng và tinh tế cùng với đó là giá thành phải chăng nên MacBook Air đã thu hút được đông đảo người dùng yêu thích và lựa chọn. Đây cũng là một trong những phiên bản Macbook Air mới nhất mà khách hàng không thể bỏ qua khi đến với CellphoneS. Dưới đây là chi tiết về thiết kế, cấu hình của máy. \\n\\n - Macbook Air 2020 M1 mới vẫn luôn tuân thủ triết lý thiết kế với những đường nét đơn nhưng vô cùng sang trọng. Máy có độ mỏng nhẹ chỉ 1,29kg và các cạnh tràn viền khiến thiết bị trở nên đẹp hơn và cao cấp hơn.',0,0,5,'2023-07-12 00:00:00','2023-07-12 00:00:00'),(61,'Laptop Lenovo Gaming Legion 5 15ARH7 82RE002VVN','- Phù hợp cho lập trình viên, thiết kế đồ họa 2D, dân văn phòng\\n - Đa nhiệm mượt mà - Ram 8GB cho phép vừa mở trình duyệt để tra cứu thông tin, vừa làm việc trên phần mềm ',18690000,17000000,5,'https://cdn2.cellphones.com.vn/358x358,webp,q100/media/catalog/product/a/i/air_m2.png','- Macbook Air M1 là dòng sản phẩm có thiết kế mỏng nhẹ, sang trọng và tinh tế cùng với đó là giá thành phải chăng nên MacBook Air đã thu hút được đông đảo người dùng yêu thích và lựa chọn. Đây cũng là một trong những phiên bản Macbook Air mới nhất mà khách hàng không thể bỏ qua khi đến với CellphoneS. Dưới đây là chi tiết về thiết kế, cấu hình của máy. \\n\\n - Macbook Air 2020 M1 mới vẫn luôn tuân thủ triết lý thiết kế với những đường nét đơn nhưng vô cùng sang trọng. Máy có độ mỏng nhẹ chỉ 1,29kg và các cạnh tràn viền khiến thiết bị trở nên đẹp hơn và cao cấp hơn.',0,0,2,'2023-07-14 00:00:00','2023-07-14 00:00:00'),(62,'Apple MacBook Air M1 256GB 2020','- Phù hợp cho lập trình viên, thiết kế đồ họa 2D, dân văn phòng\\n - Đa nhiệm mượt mà - Ram 8GB cho phép vừa mở trình duyệt để tra cứu thông tin, vừa làm việc trên phần mềm ',18690000,17000000,5,'https://cdn2.cellphones.com.vn/358x358,webp,q100/media/catalog/product/a/i/air_m2.png','- Macbook Air M1 là dòng sản phẩm có thiết kế mỏng nhẹ, sang trọng và tinh tế cùng với đó là giá thành phải chăng nên MacBook Air đã thu hút được đông đảo người dùng yêu thích và lựa chọn. Đây cũng là một trong những phiên bản Macbook Air mới nhất mà khách hàng không thể bỏ qua khi đến với CellphoneS. Dưới đây là chi tiết về thiết kế, cấu hình của máy. \\n\\n - Macbook Air 2020 M1 mới vẫn luôn tuân thủ triết lý thiết kế với những đường nét đơn nhưng vô cùng sang trọng. Máy có độ mỏng nhẹ chỉ 1,29kg và các cạnh tràn viền khiến thiết bị trở nên đẹp hơn và cao cấp hơn.',0,0,3,'2023-07-16 00:00:00','2023-07-16 00:00:00'),(63,'Laptop ASUS Gaming TUF FX506LHB-HN188W','R5-6600H/8GB/512GB PCIE/15.6 FHD 165HZ/VGA 4GB RTX3050/WIN11/XÁM ',18690000,17000000,5,'https://cdn2.cellphones.com.vn/358x358,webp,q100/media/catalog/product/a/i/air_m2.png','- Macbook Air M1 là dòng sản phẩm có thiết kế mỏng nhẹ, sang trọng và tinh tế cùng với đó là giá thành phải chăng nên MacBook Air đã thu hút được đông đảo người dùng yêu thích và lựa chọn. Đây cũng là một trong những phiên bản Macbook Air mới nhất mà khách hàng không thể bỏ qua khi đến với CellphoneS. Dưới đây là chi tiết về thiết kế, cấu hình của máy. \\n\\n - Macbook Air 2020 M1 mới vẫn luôn tuân thủ triết lý thiết kế với những đường nét đơn nhưng vô cùng sang trọng. Máy có độ mỏng nhẹ chỉ 1,29kg và các cạnh tràn viền khiến thiết bị trở nên đẹp hơn và cao cấp hơn.',0,0,6,'2023-07-16 00:00:00','2023-07-16 00:00:00'),(64,'Laptop Lenovo Gaming Legion 5 15ARH7 82RE002VVN','R5-6600H/8GB/512GB PCIE/15.6 FHD 165HZ/VGA 4GB RTX3050/WIN11/XÁM',18690000,17000000,5,'https://cdn2.cellphones.com.vn/358x358,webp,q100/media/catalog/product/a/i/air_m2.png','- Macbook Air M1 là dòng sản phẩm có thiết kế mỏng nhẹ, sang trọng và tinh tế cùng với đó là giá thành phải chăng nên MacBook Air đã thu hút được đông đảo người dùng yêu thích và lựa chọn. Đây cũng là một trong những phiên bản Macbook Air mới nhất mà khách hàng không thể bỏ qua khi đến với CellphoneS. Dưới đây là chi tiết về thiết kế, cấu hình của máy. \\n\\n - Macbook Air 2020 M1 mới vẫn luôn tuân thủ triết lý thiết kế với những đường nét đơn nhưng vô cùng sang trọng. Máy có độ mỏng nhẹ chỉ 1,29kg và các cạnh tràn viền khiến thiết bị trở nên đẹp hơn và cao cấp hơn.',0,0,6,'2023-07-16 00:00:00','2023-07-16 00:00:00'),(65,'Laptop gaming MSI GF63 Thin 11SC 664VN','I5-11400H/8GB/512GB PCIE/VGA 4GB GTX1650/15.6 FHD 144HZ/WIN11/ĐEN',14000000,13000000,6,'https://cdn2.cellphones.com.vn/x358,webp,q100/media/catalog/product/t/e/text_ng_n_21_.png','- Laptop MSI Gaming GF63 Thin 11SC-664VN là sản phẩm thuộc phân khúc giá tầm trung, phù hợp với những game thủ.\n Đây là dòng laptop có vẻ ngoài nhỏ gọn nhưng vẫn mang đậm phong cách gaming.Vẻ ngoài thanh mảnh nhưng vẫn đậm chất gaming: Nhìn chung, chiếc laptop mang một vẻ ngoài khá thon gọn, tổng bề dày chỉ 21,7 mm và có khối lượng khoảng 1,86kg. Tuy nhiên vì là dòng máy gaming nên ở phần giữa của nắp máy được in chìm logo rồng đỏ quen thuộc nhằm tạo điểm nhấn. Đặc biệt hơn, phần thông gió ở phía dưới được in ẩn hình chữ X khá độc đáo.\n - Dòng Laptop MSI Gaming GF63 Thin 11SC-664VN được trang bị bộ vi xử lý Intel Core thế hệ thứ 11 giúp tăng hiệu suất làm việc lên 15% so với các dòng máy thế hệ trước.',0,0,4,'2023-07-15 00:00:00','2023-07-15 00:00:00'),(66,'Laptop Dell Latidude 7320 9PPWV','- I5-1145G7/16GB/256GB PCIE/13.3 FHD/WIN11 PRO/NHẬP KHẨU CHÍNH HÃN',16600000,15000000,10,'https://cdn2.cellphones.com.vn/358x358,webp,q100/media/catalog/product/l/a/laptop-dell-latitude-7320-9ppwv.png','- Laptop Dell Latitude 7320 9PPWV là chiếc laptop được thiết kế chuyên nghiệp để xử lý các tác vụ văn phòng, duyệt web, email,...Màn hình 13.3 inch tiện lợi cho di chuyển, bộ vi xử lý Intel Core i5 siêu mạnh mẽ là những điểm mạnh của chiếc laptop này. Cụ thể hơn hãy xem đoạn mô tả sau đây để nắm được ưu thế khi chọn mua laptop Dell Latitude nhé.Ram lớn, thỏa mãn nhu cầu lưu trữ, Laptop Dell Latitude 7320 9PPWV được tích hợp bộ ram 16GB, cho phép bạn chạy nhiều ứng dụng cùng lúc không lo gián đoạn. Bạn có thể xử lý các tập tin đồ họa, video nhanh chóng, chơi game giải trí ổn định',0,0,1,'2023-07-16 00:00:00','2023-07-16 00:00:00'),(67,'Laptop ASUS Gaming TUF FX506LHB-HN188W','- Phù hợp cho lập trình viên, thiết kế đồ họa 2D, dân văn phòng\\n - Đa nhiệm mượt mà - Ram 8GB cho phép vừa mở trình duyệt để tra cứu thông tin, vừa làm việc trên phần mềm ',18690000,17000000,5,'https://cdn2.cellphones.com.vn/358x358,webp,q100/media/catalog/product/a/i/air_m2.png','- Macbook Air M1 là dòng sản phẩm có thiết kế mỏng nhẹ, sang trọng và tinh tế cùng với đó là giá thành phải chăng nên MacBook Air đã thu hút được đông đảo người dùng yêu thích và lựa chọn. Đây cũng là một trong những phiên bản Macbook Air mới nhất mà khách hàng không thể bỏ qua khi đến với CellphoneS. Dưới đây là chi tiết về thiết kế, cấu hình của máy. \\n\\n - Macbook Air 2020 M1 mới vẫn luôn tuân thủ triết lý thiết kế với những đường nét đơn nhưng vô cùng sang trọng. Máy có độ mỏng nhẹ chỉ 1,29kg và các cạnh tràn viền khiến thiết bị trở nên đẹp hơn và cao cấp hơn.',0,0,6,'2023-07-16 00:00:00','2023-07-16 00:00:00'),(68,'Apple MacBook Air M1 256GB 2020','- Phù hợp cho lập trình viên, thiết kế đồ họa 2D, dân văn phòng\\n - Đa nhiệm mượt mà - Ram 8GB cho phép vừa mở trình duyệt để tra cứu thông tin, vừa làm việc trên phần mềm ',18690000,17000000,5,'https://cdn2.cellphones.com.vn/358x358,webp,q100/media/catalog/product/a/i/air_m2.png','- Macbook Air M1 là dòng sản phẩm có thiết kế mỏng nhẹ, sang trọng và tinh tế cùng với đó là giá thành phải chăng nên MacBook Air đã thu hút được đông đảo người dùng yêu thích và lựa chọn. Đây cũng là một trong những phiên bản Macbook Air mới nhất mà khách hàng không thể bỏ qua khi đến với CellphoneS. Dưới đây là chi tiết về thiết kế, cấu hình của máy. \\n\\n - Macbook Air 2020 M1 mới vẫn luôn tuân thủ triết lý thiết kế với những đường nét đơn nhưng vô cùng sang trọng. Máy có độ mỏng nhẹ chỉ 1,29kg và các cạnh tràn viền khiến thiết bị trở nên đẹp hơn và cao cấp hơn.',0,0,1,'2023-07-13 00:00:00','2023-07-13 00:00:00'),(69,'Laptop ASUS Gaming TUF FX506LHB-HN188W','- Phù hợp cho lập trình viên, thiết kế đồ họa 2D, dân văn phòng\\n - Đa nhiệm mượt mà - Ram 8GB cho phép vừa mở trình duyệt để tra cứu thông tin, vừa làm việc trên phần mềm ',18690000,17000000,5,'https://cdn2.cellphones.com.vn/358x358,webp,q100/media/catalog/product/a/i/air_m2.png','- Macbook Air M1 là dòng sản phẩm có thiết kế mỏng nhẹ, sang trọng và tinh tế cùng với đó là giá thành phải chăng nên MacBook Air đã thu hút được đông đảo người dùng yêu thích và lựa chọn. Đây cũng là một trong những phiên bản Macbook Air mới nhất mà khách hàng không thể bỏ qua khi đến với CellphoneS. Dưới đây là chi tiết về thiết kế, cấu hình của máy. \\n\\n - Macbook Air 2020 M1 mới vẫn luôn tuân thủ triết lý thiết kế với những đường nét đơn nhưng vô cùng sang trọng. Máy có độ mỏng nhẹ chỉ 1,29kg và các cạnh tràn viền khiến thiết bị trở nên đẹp hơn và cao cấp hơn.',0,0,5,'2023-07-12 00:00:00','2023-07-12 00:00:00'),(70,'Laptop Lenovo Gaming Legion 5 15ARH7 82RE002VVN','- Phù hợp cho lập trình viên, thiết kế đồ họa 2D, dân văn phòng\\n - Đa nhiệm mượt mà - Ram 8GB cho phép vừa mở trình duyệt để tra cứu thông tin, vừa làm việc trên phần mềm ',18690000,17000000,5,'https://cdn2.cellphones.com.vn/358x358,webp,q100/media/catalog/product/a/i/air_m2.png','- Macbook Air M1 là dòng sản phẩm có thiết kế mỏng nhẹ, sang trọng và tinh tế cùng với đó là giá thành phải chăng nên MacBook Air đã thu hút được đông đảo người dùng yêu thích và lựa chọn. Đây cũng là một trong những phiên bản Macbook Air mới nhất mà khách hàng không thể bỏ qua khi đến với CellphoneS. Dưới đây là chi tiết về thiết kế, cấu hình của máy. \\n\\n - Macbook Air 2020 M1 mới vẫn luôn tuân thủ triết lý thiết kế với những đường nét đơn nhưng vô cùng sang trọng. Máy có độ mỏng nhẹ chỉ 1,29kg và các cạnh tràn viền khiến thiết bị trở nên đẹp hơn và cao cấp hơn.',0,0,2,'2023-07-14 00:00:00','2023-07-14 00:00:00'),(71,'Apple MacBook Air M1 256GB 2020','- Phù hợp cho lập trình viên, thiết kế đồ họa 2D, dân văn phòng\\n - Đa nhiệm mượt mà - Ram 8GB cho phép vừa mở trình duyệt để tra cứu thông tin, vừa làm việc trên phần mềm ',18690000,17000000,5,'https://cdn2.cellphones.com.vn/358x358,webp,q100/media/catalog/product/a/i/air_m2.png','- Macbook Air M1 là dòng sản phẩm có thiết kế mỏng nhẹ, sang trọng và tinh tế cùng với đó là giá thành phải chăng nên MacBook Air đã thu hút được đông đảo người dùng yêu thích và lựa chọn. Đây cũng là một trong những phiên bản Macbook Air mới nhất mà khách hàng không thể bỏ qua khi đến với CellphoneS. Dưới đây là chi tiết về thiết kế, cấu hình của máy. \\n\\n - Macbook Air 2020 M1 mới vẫn luôn tuân thủ triết lý thiết kế với những đường nét đơn nhưng vô cùng sang trọng. Máy có độ mỏng nhẹ chỉ 1,29kg và các cạnh tràn viền khiến thiết bị trở nên đẹp hơn và cao cấp hơn.',0,0,3,'2023-07-16 00:00:00','2023-07-16 00:00:00'),(72,'Laptop ASUS Gaming TUF FX506LHB-HN188W','R5-6600H/8GB/512GB PCIE/15.6 FHD 165HZ/VGA 4GB RTX3050/WIN11/XÁM ',18690000,17000000,5,'https://cdn2.cellphones.com.vn/358x358,webp,q100/media/catalog/product/a/i/air_m2.png','- Macbook Air M1 là dòng sản phẩm có thiết kế mỏng nhẹ, sang trọng và tinh tế cùng với đó là giá thành phải chăng nên MacBook Air đã thu hút được đông đảo người dùng yêu thích và lựa chọn. Đây cũng là một trong những phiên bản Macbook Air mới nhất mà khách hàng không thể bỏ qua khi đến với CellphoneS. Dưới đây là chi tiết về thiết kế, cấu hình của máy. \\n\\n - Macbook Air 2020 M1 mới vẫn luôn tuân thủ triết lý thiết kế với những đường nét đơn nhưng vô cùng sang trọng. Máy có độ mỏng nhẹ chỉ 1,29kg và các cạnh tràn viền khiến thiết bị trở nên đẹp hơn và cao cấp hơn.',0,0,6,'2023-07-16 00:00:00','2023-07-16 00:00:00'),(73,'Laptop Lenovo Gaming Legion 5 15ARH7 82RE002VVN','R5-6600H/8GB/512GB PCIE/15.6 FHD 165HZ/VGA 4GB RTX3050/WIN11/XÁM',18690000,17000000,5,'https://cdn2.cellphones.com.vn/358x358,webp,q100/media/catalog/product/a/i/air_m2.png','- Macbook Air M1 là dòng sản phẩm có thiết kế mỏng nhẹ, sang trọng và tinh tế cùng với đó là giá thành phải chăng nên MacBook Air đã thu hút được đông đảo người dùng yêu thích và lựa chọn. Đây cũng là một trong những phiên bản Macbook Air mới nhất mà khách hàng không thể bỏ qua khi đến với CellphoneS. Dưới đây là chi tiết về thiết kế, cấu hình của máy. \\n\\n - Macbook Air 2020 M1 mới vẫn luôn tuân thủ triết lý thiết kế với những đường nét đơn nhưng vô cùng sang trọng. Máy có độ mỏng nhẹ chỉ 1,29kg và các cạnh tràn viền khiến thiết bị trở nên đẹp hơn và cao cấp hơn.',0,0,6,'2023-07-16 00:00:00','2023-07-16 00:00:00'),(74,'Laptop gaming MSI GF63 Thin 11SC 664VN','I5-11400H/8GB/512GB PCIE/VGA 4GB GTX1650/15.6 FHD 144HZ/WIN11/ĐEN',14000000,13000000,6,'https://cdn2.cellphones.com.vn/x358,webp,q100/media/catalog/product/t/e/text_ng_n_21_.png','- Laptop MSI Gaming GF63 Thin 11SC-664VN là sản phẩm thuộc phân khúc giá tầm trung, phù hợp với những game thủ.\n Đây là dòng laptop có vẻ ngoài nhỏ gọn nhưng vẫn mang đậm phong cách gaming.Vẻ ngoài thanh mảnh nhưng vẫn đậm chất gaming: Nhìn chung, chiếc laptop mang một vẻ ngoài khá thon gọn, tổng bề dày chỉ 21,7 mm và có khối lượng khoảng 1,86kg. Tuy nhiên vì là dòng máy gaming nên ở phần giữa của nắp máy được in chìm logo rồng đỏ quen thuộc nhằm tạo điểm nhấn. Đặc biệt hơn, phần thông gió ở phía dưới được in ẩn hình chữ X khá độc đáo.\n - Dòng Laptop MSI Gaming GF63 Thin 11SC-664VN được trang bị bộ vi xử lý Intel Core thế hệ thứ 11 giúp tăng hiệu suất làm việc lên 15% so với các dòng máy thế hệ trước.',0,0,4,'2023-07-15 00:00:00','2023-07-15 00:00:00'),(75,'Laptop Dell Latidude 7320 9PPWV','- I5-1145G7/16GB/256GB PCIE/13.3 FHD/WIN11 PRO/NHẬP KHẨU CHÍNH HÃN',16600000,15000000,10,'https://cdn2.cellphones.com.vn/358x358,webp,q100/media/catalog/product/l/a/laptop-dell-latitude-7320-9ppwv.png','- Laptop Dell Latitude 7320 9PPWV là chiếc laptop được thiết kế chuyên nghiệp để xử lý các tác vụ văn phòng, duyệt web, email,...Màn hình 13.3 inch tiện lợi cho di chuyển, bộ vi xử lý Intel Core i5 siêu mạnh mẽ là những điểm mạnh của chiếc laptop này. Cụ thể hơn hãy xem đoạn mô tả sau đây để nắm được ưu thế khi chọn mua laptop Dell Latitude nhé.Ram lớn, thỏa mãn nhu cầu lưu trữ, Laptop Dell Latitude 7320 9PPWV được tích hợp bộ ram 16GB, cho phép bạn chạy nhiều ứng dụng cùng lúc không lo gián đoạn. Bạn có thể xử lý các tập tin đồ họa, video nhanh chóng, chơi game giải trí ổn định',0,0,1,'2023-07-16 00:00:00','2023-07-16 00:00:00'),(76,'Laptop ASUS Gaming TUF FX506LHB-HN188W','- Phù hợp cho lập trình viên, thiết kế đồ họa 2D, dân văn phòng\\n - Đa nhiệm mượt mà - Ram 8GB cho phép vừa mở trình duyệt để tra cứu thông tin, vừa làm việc trên phần mềm ',18690000,17000000,5,'https://cdn2.cellphones.com.vn/358x358,webp,q100/media/catalog/product/a/i/air_m2.png','- Macbook Air M1 là dòng sản phẩm có thiết kế mỏng nhẹ, sang trọng và tinh tế cùng với đó là giá thành phải chăng nên MacBook Air đã thu hút được đông đảo người dùng yêu thích và lựa chọn. Đây cũng là một trong những phiên bản Macbook Air mới nhất mà khách hàng không thể bỏ qua khi đến với CellphoneS. Dưới đây là chi tiết về thiết kế, cấu hình của máy. \\n\\n - Macbook Air 2020 M1 mới vẫn luôn tuân thủ triết lý thiết kế với những đường nét đơn nhưng vô cùng sang trọng. Máy có độ mỏng nhẹ chỉ 1,29kg và các cạnh tràn viền khiến thiết bị trở nên đẹp hơn và cao cấp hơn.',0,0,6,'2023-07-16 00:00:00','2023-07-16 00:00:00'),(77,'Apple MacBook Air M1 256GB 2020','- Phù hợp cho lập trình viên, thiết kế đồ họa 2D, dân văn phòng\\n - Đa nhiệm mượt mà - Ram 8GB cho phép vừa mở trình duyệt để tra cứu thông tin, vừa làm việc trên phần mềm ',18690000,17000000,5,'https://cdn2.cellphones.com.vn/358x358,webp,q100/media/catalog/product/a/i/air_m2.png','- Macbook Air M1 là dòng sản phẩm có thiết kế mỏng nhẹ, sang trọng và tinh tế cùng với đó là giá thành phải chăng nên MacBook Air đã thu hút được đông đảo người dùng yêu thích và lựa chọn. Đây cũng là một trong những phiên bản Macbook Air mới nhất mà khách hàng không thể bỏ qua khi đến với CellphoneS. Dưới đây là chi tiết về thiết kế, cấu hình của máy. \\n\\n - Macbook Air 2020 M1 mới vẫn luôn tuân thủ triết lý thiết kế với những đường nét đơn nhưng vô cùng sang trọng. Máy có độ mỏng nhẹ chỉ 1,29kg và các cạnh tràn viền khiến thiết bị trở nên đẹp hơn và cao cấp hơn.',0,0,1,'2023-07-13 00:00:00','2023-07-13 00:00:00'),(78,'Laptop ASUS Gaming TUF FX506LHB-HN188W','- Phù hợp cho lập trình viên, thiết kế đồ họa 2D, dân văn phòng\\n - Đa nhiệm mượt mà - Ram 8GB cho phép vừa mở trình duyệt để tra cứu thông tin, vừa làm việc trên phần mềm ',18690000,17000000,5,'https://cdn2.cellphones.com.vn/358x358,webp,q100/media/catalog/product/a/i/air_m2.png','- Macbook Air M1 là dòng sản phẩm có thiết kế mỏng nhẹ, sang trọng và tinh tế cùng với đó là giá thành phải chăng nên MacBook Air đã thu hút được đông đảo người dùng yêu thích và lựa chọn. Đây cũng là một trong những phiên bản Macbook Air mới nhất mà khách hàng không thể bỏ qua khi đến với CellphoneS. Dưới đây là chi tiết về thiết kế, cấu hình của máy. \\n\\n - Macbook Air 2020 M1 mới vẫn luôn tuân thủ triết lý thiết kế với những đường nét đơn nhưng vô cùng sang trọng. Máy có độ mỏng nhẹ chỉ 1,29kg và các cạnh tràn viền khiến thiết bị trở nên đẹp hơn và cao cấp hơn.',0,0,5,'2023-07-12 00:00:00','2023-07-12 00:00:00'),(79,'Laptop Lenovo Gaming Legion 5 15ARH7 82RE002VVN','- Phù hợp cho lập trình viên, thiết kế đồ họa 2D, dân văn phòng\\n - Đa nhiệm mượt mà - Ram 8GB cho phép vừa mở trình duyệt để tra cứu thông tin, vừa làm việc trên phần mềm ',18690000,17000000,5,'https://cdn2.cellphones.com.vn/358x358,webp,q100/media/catalog/product/a/i/air_m2.png','- Macbook Air M1 là dòng sản phẩm có thiết kế mỏng nhẹ, sang trọng và tinh tế cùng với đó là giá thành phải chăng nên MacBook Air đã thu hút được đông đảo người dùng yêu thích và lựa chọn. Đây cũng là một trong những phiên bản Macbook Air mới nhất mà khách hàng không thể bỏ qua khi đến với CellphoneS. Dưới đây là chi tiết về thiết kế, cấu hình của máy. \\n\\n - Macbook Air 2020 M1 mới vẫn luôn tuân thủ triết lý thiết kế với những đường nét đơn nhưng vô cùng sang trọng. Máy có độ mỏng nhẹ chỉ 1,29kg và các cạnh tràn viền khiến thiết bị trở nên đẹp hơn và cao cấp hơn.',0,0,2,'2023-07-14 00:00:00','2023-07-14 00:00:00'),(80,'Apple MacBook Air M1 256GB 2020','- Phù hợp cho lập trình viên, thiết kế đồ họa 2D, dân văn phòng\\n - Đa nhiệm mượt mà - Ram 8GB cho phép vừa mở trình duyệt để tra cứu thông tin, vừa làm việc trên phần mềm ',18690000,17000000,5,'https://cdn2.cellphones.com.vn/358x358,webp,q100/media/catalog/product/a/i/air_m2.png','- Macbook Air M1 là dòng sản phẩm có thiết kế mỏng nhẹ, sang trọng và tinh tế cùng với đó là giá thành phải chăng nên MacBook Air đã thu hút được đông đảo người dùng yêu thích và lựa chọn. Đây cũng là một trong những phiên bản Macbook Air mới nhất mà khách hàng không thể bỏ qua khi đến với CellphoneS. Dưới đây là chi tiết về thiết kế, cấu hình của máy. \\n\\n - Macbook Air 2020 M1 mới vẫn luôn tuân thủ triết lý thiết kế với những đường nét đơn nhưng vô cùng sang trọng. Máy có độ mỏng nhẹ chỉ 1,29kg và các cạnh tràn viền khiến thiết bị trở nên đẹp hơn và cao cấp hơn.',0,0,3,'2023-07-16 00:00:00','2023-07-16 00:00:00'),(81,'Laptop ASUS Gaming TUF FX506LHB-HN188W','R5-6600H/8GB/512GB PCIE/15.6 FHD 165HZ/VGA 4GB RTX3050/WIN11/XÁM ',18690000,17000000,5,'https://cdn2.cellphones.com.vn/358x358,webp,q100/media/catalog/product/a/i/air_m2.png','- Macbook Air M1 là dòng sản phẩm có thiết kế mỏng nhẹ, sang trọng và tinh tế cùng với đó là giá thành phải chăng nên MacBook Air đã thu hút được đông đảo người dùng yêu thích và lựa chọn. Đây cũng là một trong những phiên bản Macbook Air mới nhất mà khách hàng không thể bỏ qua khi đến với CellphoneS. Dưới đây là chi tiết về thiết kế, cấu hình của máy. \\n\\n - Macbook Air 2020 M1 mới vẫn luôn tuân thủ triết lý thiết kế với những đường nét đơn nhưng vô cùng sang trọng. Máy có độ mỏng nhẹ chỉ 1,29kg và các cạnh tràn viền khiến thiết bị trở nên đẹp hơn và cao cấp hơn.',0,0,6,'2023-07-16 00:00:00','2023-07-16 00:00:00'),(82,'Laptop Lenovo Gaming Legion 5 15ARH7 82RE002VVN','R5-6600H/8GB/512GB PCIE/15.6 FHD 165HZ/VGA 4GB RTX3050/WIN11/XÁM',18690000,17000000,5,'https://cdn2.cellphones.com.vn/358x358,webp,q100/media/catalog/product/a/i/air_m2.png','- Macbook Air M1 là dòng sản phẩm có thiết kế mỏng nhẹ, sang trọng và tinh tế cùng với đó là giá thành phải chăng nên MacBook Air đã thu hút được đông đảo người dùng yêu thích và lựa chọn. Đây cũng là một trong những phiên bản Macbook Air mới nhất mà khách hàng không thể bỏ qua khi đến với CellphoneS. Dưới đây là chi tiết về thiết kế, cấu hình của máy. \\n\\n - Macbook Air 2020 M1 mới vẫn luôn tuân thủ triết lý thiết kế với những đường nét đơn nhưng vô cùng sang trọng. Máy có độ mỏng nhẹ chỉ 1,29kg và các cạnh tràn viền khiến thiết bị trở nên đẹp hơn và cao cấp hơn.',0,0,6,'2023-07-16 00:00:00','2023-07-16 00:00:00'),(83,'Laptop gaming MSI GF63 Thin 11SC 664VN','I5-11400H/8GB/512GB PCIE/VGA 4GB GTX1650/15.6 FHD 144HZ/WIN11/ĐEN',14000000,13000000,6,'https://cdn2.cellphones.com.vn/x358,webp,q100/media/catalog/product/t/e/text_ng_n_21_.png','- Laptop MSI Gaming GF63 Thin 11SC-664VN là sản phẩm thuộc phân khúc giá tầm trung, phù hợp với những game thủ.\n Đây là dòng laptop có vẻ ngoài nhỏ gọn nhưng vẫn mang đậm phong cách gaming.Vẻ ngoài thanh mảnh nhưng vẫn đậm chất gaming: Nhìn chung, chiếc laptop mang một vẻ ngoài khá thon gọn, tổng bề dày chỉ 21,7 mm và có khối lượng khoảng 1,86kg. Tuy nhiên vì là dòng máy gaming nên ở phần giữa của nắp máy được in chìm logo rồng đỏ quen thuộc nhằm tạo điểm nhấn. Đặc biệt hơn, phần thông gió ở phía dưới được in ẩn hình chữ X khá độc đáo.\n - Dòng Laptop MSI Gaming GF63 Thin 11SC-664VN được trang bị bộ vi xử lý Intel Core thế hệ thứ 11 giúp tăng hiệu suất làm việc lên 15% so với các dòng máy thế hệ trước.',0,0,4,'2023-07-15 00:00:00','2023-07-15 00:00:00'),(84,'Laptop Dell Latidude 7320 9PPWV','- I5-1145G7/16GB/256GB PCIE/13.3 FHD/WIN11 PRO/NHẬP KHẨU CHÍNH HÃN',16600000,15000000,10,'https://cdn2.cellphones.com.vn/358x358,webp,q100/media/catalog/product/l/a/laptop-dell-latitude-7320-9ppwv.png','- Laptop Dell Latitude 7320 9PPWV là chiếc laptop được thiết kế chuyên nghiệp để xử lý các tác vụ văn phòng, duyệt web, email,...Màn hình 13.3 inch tiện lợi cho di chuyển, bộ vi xử lý Intel Core i5 siêu mạnh mẽ là những điểm mạnh của chiếc laptop này. Cụ thể hơn hãy xem đoạn mô tả sau đây để nắm được ưu thế khi chọn mua laptop Dell Latitude nhé.Ram lớn, thỏa mãn nhu cầu lưu trữ, Laptop Dell Latitude 7320 9PPWV được tích hợp bộ ram 16GB, cho phép bạn chạy nhiều ứng dụng cùng lúc không lo gián đoạn. Bạn có thể xử lý các tập tin đồ họa, video nhanh chóng, chơi game giải trí ổn định',0,0,1,'2023-07-16 00:00:00','2023-07-16 00:00:00'),(85,'Laptop ASUS Gaming TUF FX506LHB-HN188W','- Phù hợp cho lập trình viên, thiết kế đồ họa 2D, dân văn phòng\\n - Đa nhiệm mượt mà - Ram 8GB cho phép vừa mở trình duyệt để tra cứu thông tin, vừa làm việc trên phần mềm ',18690000,17000000,5,'https://cdn2.cellphones.com.vn/358x358,webp,q100/media/catalog/product/a/i/air_m2.png','- Macbook Air M1 là dòng sản phẩm có thiết kế mỏng nhẹ, sang trọng và tinh tế cùng với đó là giá thành phải chăng nên MacBook Air đã thu hút được đông đảo người dùng yêu thích và lựa chọn. Đây cũng là một trong những phiên bản Macbook Air mới nhất mà khách hàng không thể bỏ qua khi đến với CellphoneS. Dưới đây là chi tiết về thiết kế, cấu hình của máy. \\n\\n - Macbook Air 2020 M1 mới vẫn luôn tuân thủ triết lý thiết kế với những đường nét đơn nhưng vô cùng sang trọng. Máy có độ mỏng nhẹ chỉ 1,29kg và các cạnh tràn viền khiến thiết bị trở nên đẹp hơn và cao cấp hơn.',0,0,6,'2023-07-16 00:00:00','2023-07-16 00:00:00'),(86,'Apple MacBook Air M1 256GB 2020','- Phù hợp cho lập trình viên, thiết kế đồ họa 2D, dân văn phòng\\n - Đa nhiệm mượt mà - Ram 8GB cho phép vừa mở trình duyệt để tra cứu thông tin, vừa làm việc trên phần mềm ',18690000,17000000,5,'https://cdn2.cellphones.com.vn/358x358,webp,q100/media/catalog/product/a/i/air_m2.png','- Macbook Air M1 là dòng sản phẩm có thiết kế mỏng nhẹ, sang trọng và tinh tế cùng với đó là giá thành phải chăng nên MacBook Air đã thu hút được đông đảo người dùng yêu thích và lựa chọn. Đây cũng là một trong những phiên bản Macbook Air mới nhất mà khách hàng không thể bỏ qua khi đến với CellphoneS. Dưới đây là chi tiết về thiết kế, cấu hình của máy. \\n\\n - Macbook Air 2020 M1 mới vẫn luôn tuân thủ triết lý thiết kế với những đường nét đơn nhưng vô cùng sang trọng. Máy có độ mỏng nhẹ chỉ 1,29kg và các cạnh tràn viền khiến thiết bị trở nên đẹp hơn và cao cấp hơn.',0,0,1,'2023-07-13 00:00:00','2023-07-13 00:00:00'),(87,'Laptop ASUS Gaming TUF FX506LHB-HN188W','- Phù hợp cho lập trình viên, thiết kế đồ họa 2D, dân văn phòng\\n - Đa nhiệm mượt mà - Ram 8GB cho phép vừa mở trình duyệt để tra cứu thông tin, vừa làm việc trên phần mềm ',18690000,17000000,5,'https://cdn2.cellphones.com.vn/358x358,webp,q100/media/catalog/product/a/i/air_m2.png','- Macbook Air M1 là dòng sản phẩm có thiết kế mỏng nhẹ, sang trọng và tinh tế cùng với đó là giá thành phải chăng nên MacBook Air đã thu hút được đông đảo người dùng yêu thích và lựa chọn. Đây cũng là một trong những phiên bản Macbook Air mới nhất mà khách hàng không thể bỏ qua khi đến với CellphoneS. Dưới đây là chi tiết về thiết kế, cấu hình của máy. \\n\\n - Macbook Air 2020 M1 mới vẫn luôn tuân thủ triết lý thiết kế với những đường nét đơn nhưng vô cùng sang trọng. Máy có độ mỏng nhẹ chỉ 1,29kg và các cạnh tràn viền khiến thiết bị trở nên đẹp hơn và cao cấp hơn.',0,0,5,'2023-07-12 00:00:00','2023-07-12 00:00:00'),(88,'Laptop Lenovo Gaming Legion 5 15ARH7 82RE002VVN','- Phù hợp cho lập trình viên, thiết kế đồ họa 2D, dân văn phòng\\n - Đa nhiệm mượt mà - Ram 8GB cho phép vừa mở trình duyệt để tra cứu thông tin, vừa làm việc trên phần mềm ',18690000,17000000,5,'https://cdn2.cellphones.com.vn/358x358,webp,q100/media/catalog/product/a/i/air_m2.png','- Macbook Air M1 là dòng sản phẩm có thiết kế mỏng nhẹ, sang trọng và tinh tế cùng với đó là giá thành phải chăng nên MacBook Air đã thu hút được đông đảo người dùng yêu thích và lựa chọn. Đây cũng là một trong những phiên bản Macbook Air mới nhất mà khách hàng không thể bỏ qua khi đến với CellphoneS. Dưới đây là chi tiết về thiết kế, cấu hình của máy. \\n\\n - Macbook Air 2020 M1 mới vẫn luôn tuân thủ triết lý thiết kế với những đường nét đơn nhưng vô cùng sang trọng. Máy có độ mỏng nhẹ chỉ 1,29kg và các cạnh tràn viền khiến thiết bị trở nên đẹp hơn và cao cấp hơn.',0,0,2,'2023-07-14 00:00:00','2023-07-14 00:00:00'),(89,'Apple MacBook Air M1 256GB 2020','- Phù hợp cho lập trình viên, thiết kế đồ họa 2D, dân văn phòng\\n - Đa nhiệm mượt mà - Ram 8GB cho phép vừa mở trình duyệt để tra cứu thông tin, vừa làm việc trên phần mềm ',18690000,17000000,2,'https://cdn2.cellphones.com.vn/358x358,webp,q100/media/catalog/product/a/i/air_m2.png','- Macbook Air M1 là dòng sản phẩm có thiết kế mỏng nhẹ, sang trọng và tinh tế cùng với đó là giá thành phải chăng nên MacBook Air đã thu hút được đông đảo người dùng yêu thích và lựa chọn. Đây cũng là một trong những phiên bản Macbook Air mới nhất mà khách hàng không thể bỏ qua khi đến với CellphoneS. Dưới đây là chi tiết về thiết kế, cấu hình của máy. \\n\\n - Macbook Air 2020 M1 mới vẫn luôn tuân thủ triết lý thiết kế với những đường nét đơn nhưng vô cùng sang trọng. Máy có độ mỏng nhẹ chỉ 1,29kg và các cạnh tràn viền khiến thiết bị trở nên đẹp hơn và cao cấp hơn.',0,0,3,'2023-07-16 00:00:00','2023-07-16 00:00:00'),(90,'Laptop ASUS Gaming TUF FX506LHB-HN188W','R5-6600H/8GB/512GB PCIE/15.6 FHD 165HZ/VGA 4GB RTX3050/WIN11/XÁM ',18690000,17000000,5,'https://cdn2.cellphones.com.vn/358x358,webp,q100/media/catalog/product/a/i/air_m2.png','- Macbook Air M1 là dòng sản phẩm có thiết kế mỏng nhẹ, sang trọng và tinh tế cùng với đó là giá thành phải chăng nên MacBook Air đã thu hút được đông đảo người dùng yêu thích và lựa chọn. Đây cũng là một trong những phiên bản Macbook Air mới nhất mà khách hàng không thể bỏ qua khi đến với CellphoneS. Dưới đây là chi tiết về thiết kế, cấu hình của máy. \\n\\n - Macbook Air 2020 M1 mới vẫn luôn tuân thủ triết lý thiết kế với những đường nét đơn nhưng vô cùng sang trọng. Máy có độ mỏng nhẹ chỉ 1,29kg và các cạnh tràn viền khiến thiết bị trở nên đẹp hơn và cao cấp hơn.',0,0,6,'2023-07-16 00:00:00','2023-07-16 00:00:00'),(91,'Laptop Lenovo Gaming Legion 5 15ARH7 82RE002VVN','R5-6600H/8GB/512GB PCIE/15.6 FHD 165HZ/VGA 4GB RTX3050/WIN11/XÁM',18690000,17000000,5,'https://cdn2.cellphones.com.vn/358x358,webp,q100/media/catalog/product/a/i/air_m2.png','- Macbook Air M1 là dòng sản phẩm có thiết kế mỏng nhẹ, sang trọng và tinh tế cùng với đó là giá thành phải chăng nên MacBook Air đã thu hút được đông đảo người dùng yêu thích và lựa chọn. Đây cũng là một trong những phiên bản Macbook Air mới nhất mà khách hàng không thể bỏ qua khi đến với CellphoneS. Dưới đây là chi tiết về thiết kế, cấu hình của máy. \\n\\n - Macbook Air 2020 M1 mới vẫn luôn tuân thủ triết lý thiết kế với những đường nét đơn nhưng vô cùng sang trọng. Máy có độ mỏng nhẹ chỉ 1,29kg và các cạnh tràn viền khiến thiết bị trở nên đẹp hơn và cao cấp hơn.',0,0,6,'2023-07-16 00:00:00','2023-07-16 00:00:00'),(92,'Laptop gaming MSI GF63 Thin 11SC 664VN','I5-11400H/8GB/512GB PCIE/VGA 4GB GTX1650/15.6 FHD 144HZ/WIN11/ĐEN',14000000,13000000,6,'https://cdn2.cellphones.com.vn/x358,webp,q100/media/catalog/product/t/e/text_ng_n_21_.png','- Laptop MSI Gaming GF63 Thin 11SC-664VN là sản phẩm thuộc phân khúc giá tầm trung, phù hợp với những game thủ.\n Đây là dòng laptop có vẻ ngoài nhỏ gọn nhưng vẫn mang đậm phong cách gaming.Vẻ ngoài thanh mảnh nhưng vẫn đậm chất gaming: Nhìn chung, chiếc laptop mang một vẻ ngoài khá thon gọn, tổng bề dày chỉ 21,7 mm và có khối lượng khoảng 1,86kg. Tuy nhiên vì là dòng máy gaming nên ở phần giữa của nắp máy được in chìm logo rồng đỏ quen thuộc nhằm tạo điểm nhấn. Đặc biệt hơn, phần thông gió ở phía dưới được in ẩn hình chữ X khá độc đáo.\n - Dòng Laptop MSI Gaming GF63 Thin 11SC-664VN được trang bị bộ vi xử lý Intel Core thế hệ thứ 11 giúp tăng hiệu suất làm việc lên 15% so với các dòng máy thế hệ trước.',0,0,4,'2023-07-15 00:00:00','2023-07-15 00:00:00'),(93,'Laptop Dell Latidude 7320 9PPWV','- I5-1145G7/16GB/256GB PCIE/13.3 FHD/WIN11 PRO/NHẬP KHẨU CHÍNH HÃN',16600000,15000000,10,'https://cdn2.cellphones.com.vn/358x358,webp,q100/media/catalog/product/l/a/laptop-dell-latitude-7320-9ppwv.png','- Laptop Dell Latitude 7320 9PPWV là chiếc laptop được thiết kế chuyên nghiệp để xử lý các tác vụ văn phòng, duyệt web, email,...Màn hình 13.3 inch tiện lợi cho di chuyển, bộ vi xử lý Intel Core i5 siêu mạnh mẽ là những điểm mạnh của chiếc laptop này. Cụ thể hơn hãy xem đoạn mô tả sau đây để nắm được ưu thế khi chọn mua laptop Dell Latitude nhé.Ram lớn, thỏa mãn nhu cầu lưu trữ, Laptop Dell Latitude 7320 9PPWV được tích hợp bộ ram 16GB, cho phép bạn chạy nhiều ứng dụng cùng lúc không lo gián đoạn. Bạn có thể xử lý các tập tin đồ họa, video nhanh chóng, chơi game giải trí ổn định',0,0,1,'2023-07-16 00:00:00','2023-07-16 00:00:00'),(94,'Laptop ASUS Gaming TUF FX506LHB-HN188W','- Phù hợp cho lập trình viên, thiết kế đồ họa 2D, dân văn phòng\\n - Đa nhiệm mượt mà - Ram 8GB cho phép vừa mở trình duyệt để tra cứu thông tin, vừa làm việc trên phần mềm ',18690000,17000000,5,'https://cdn2.cellphones.com.vn/358x358,webp,q100/media/catalog/product/a/i/air_m2.png','- Macbook Air M1 là dòng sản phẩm có thiết kế mỏng nhẹ, sang trọng và tinh tế cùng với đó là giá thành phải chăng nên MacBook Air đã thu hút được đông đảo người dùng yêu thích và lựa chọn. Đây cũng là một trong những phiên bản Macbook Air mới nhất mà khách hàng không thể bỏ qua khi đến với CellphoneS. Dưới đây là chi tiết về thiết kế, cấu hình của máy. \\n\\n - Macbook Air 2020 M1 mới vẫn luôn tuân thủ triết lý thiết kế với những đường nét đơn nhưng vô cùng sang trọng. Máy có độ mỏng nhẹ chỉ 1,29kg và các cạnh tràn viền khiến thiết bị trở nên đẹp hơn và cao cấp hơn.',0,0,6,'2023-07-16 00:00:00','2023-07-16 00:00:00'),(95,'Apple MacBook Air M1 256GB 2020','- Phù hợp cho lập trình viên, thiết kế đồ họa 2D, dân văn phòng\\n - Đa nhiệm mượt mà - Ram 8GB cho phép vừa mở trình duyệt để tra cứu thông tin, vừa làm việc trên phần mềm ',18690000,17000000,5,'https://cdn2.cellphones.com.vn/358x358,webp,q100/media/catalog/product/a/i/air_m2.png','- Macbook Air M1 là dòng sản phẩm có thiết kế mỏng nhẹ, sang trọng và tinh tế cùng với đó là giá thành phải chăng nên MacBook Air đã thu hút được đông đảo người dùng yêu thích và lựa chọn. Đây cũng là một trong những phiên bản Macbook Air mới nhất mà khách hàng không thể bỏ qua khi đến với CellphoneS. Dưới đây là chi tiết về thiết kế, cấu hình của máy. \\n\\n - Macbook Air 2020 M1 mới vẫn luôn tuân thủ triết lý thiết kế với những đường nét đơn nhưng vô cùng sang trọng. Máy có độ mỏng nhẹ chỉ 1,29kg và các cạnh tràn viền khiến thiết bị trở nên đẹp hơn và cao cấp hơn.',0,0,1,'2023-07-13 00:00:00','2023-07-13 00:00:00'),(96,'Laptop ASUS Gaming TUF FX506LHB-HN188W','- Phù hợp cho lập trình viên, thiết kế đồ họa 2D, dân văn phòng\\n - Đa nhiệm mượt mà - Ram 8GB cho phép vừa mở trình duyệt để tra cứu thông tin, vừa làm việc trên phần mềm ',18690000,17000000,5,'https://cdn2.cellphones.com.vn/358x358,webp,q100/media/catalog/product/a/i/air_m2.png','- Macbook Air M1 là dòng sản phẩm có thiết kế mỏng nhẹ, sang trọng và tinh tế cùng với đó là giá thành phải chăng nên MacBook Air đã thu hút được đông đảo người dùng yêu thích và lựa chọn. Đây cũng là một trong những phiên bản Macbook Air mới nhất mà khách hàng không thể bỏ qua khi đến với CellphoneS. Dưới đây là chi tiết về thiết kế, cấu hình của máy. \\n\\n - Macbook Air 2020 M1 mới vẫn luôn tuân thủ triết lý thiết kế với những đường nét đơn nhưng vô cùng sang trọng. Máy có độ mỏng nhẹ chỉ 1,29kg và các cạnh tràn viền khiến thiết bị trở nên đẹp hơn và cao cấp hơn.',0,0,5,'2023-07-12 00:00:00','2023-07-12 00:00:00'),(97,'Laptop Lenovo Gaming Legion 5 15ARH7 82RE002VVN','- Phù hợp cho lập trình viên, thiết kế đồ họa 2D, dân văn phòng\\n - Đa nhiệm mượt mà - Ram 8GB cho phép vừa mở trình duyệt để tra cứu thông tin, vừa làm việc trên phần mềm ',18690000,17000000,5,'https://cdn2.cellphones.com.vn/358x358,webp,q100/media/catalog/product/a/i/air_m2.png','- Macbook Air M1 là dòng sản phẩm có thiết kế mỏng nhẹ, sang trọng và tinh tế cùng với đó là giá thành phải chăng nên MacBook Air đã thu hút được đông đảo người dùng yêu thích và lựa chọn. Đây cũng là một trong những phiên bản Macbook Air mới nhất mà khách hàng không thể bỏ qua khi đến với CellphoneS. Dưới đây là chi tiết về thiết kế, cấu hình của máy. \\n\\n - Macbook Air 2020 M1 mới vẫn luôn tuân thủ triết lý thiết kế với những đường nét đơn nhưng vô cùng sang trọng. Máy có độ mỏng nhẹ chỉ 1,29kg và các cạnh tràn viền khiến thiết bị trở nên đẹp hơn và cao cấp hơn.',0,0,2,'2023-07-14 00:00:00','2023-07-14 00:00:00'),(98,'Apple MacBook Air M1 256GB 2020','- Phù hợp cho lập trình viên, thiết kế đồ họa 2D, dân văn phòng\\n - Đa nhiệm mượt mà - Ram 8GB cho phép vừa mở trình duyệt để tra cứu thông tin, vừa làm việc trên phần mềm ',18690000,17000000,5,'https://cdn2.cellphones.com.vn/358x358,webp,q100/media/catalog/product/a/i/air_m2.png','- Macbook Air M1 là dòng sản phẩm có thiết kế mỏng nhẹ, sang trọng và tinh tế cùng với đó là giá thành phải chăng nên MacBook Air đã thu hút được đông đảo người dùng yêu thích và lựa chọn. Đây cũng là một trong những phiên bản Macbook Air mới nhất mà khách hàng không thể bỏ qua khi đến với CellphoneS. Dưới đây là chi tiết về thiết kế, cấu hình của máy. \\n\\n - Macbook Air 2020 M1 mới vẫn luôn tuân thủ triết lý thiết kế với những đường nét đơn nhưng vô cùng sang trọng. Máy có độ mỏng nhẹ chỉ 1,29kg và các cạnh tràn viền khiến thiết bị trở nên đẹp hơn và cao cấp hơn.',0,0,3,'2023-07-16 00:00:00','2023-07-16 00:00:00'),(99,'Laptop ASUS Gaming TUF FX506LHB-HN188W','R5-6600H/8GB/512GB PCIE/15.6 FHD 165HZ/VGA 4GB RTX3050/WIN11/XÁM ',18690000,17000000,5,'https://cdn2.cellphones.com.vn/358x358,webp,q100/media/catalog/product/a/i/air_m2.png','- Macbook Air M1 là dòng sản phẩm có thiết kế mỏng nhẹ, sang trọng và tinh tế cùng với đó là giá thành phải chăng nên MacBook Air đã thu hút được đông đảo người dùng yêu thích và lựa chọn. Đây cũng là một trong những phiên bản Macbook Air mới nhất mà khách hàng không thể bỏ qua khi đến với CellphoneS. Dưới đây là chi tiết về thiết kế, cấu hình của máy. \\n\\n - Macbook Air 2020 M1 mới vẫn luôn tuân thủ triết lý thiết kế với những đường nét đơn nhưng vô cùng sang trọng. Máy có độ mỏng nhẹ chỉ 1,29kg và các cạnh tràn viền khiến thiết bị trở nên đẹp hơn và cao cấp hơn.',0,0,6,'2023-07-16 00:00:00','2023-07-16 00:00:00'),(100,'Laptop Lenovo Gaming Legion 5 15ARH7 82RE002VVN','R5-6600H/8GB/512GB PCIE/15.6 FHD 165HZ/VGA 4GB RTX3050/WIN11/XÁM',18690000,17000000,5,'https://cdn2.cellphones.com.vn/358x358,webp,q100/media/catalog/product/a/i/air_m2.png','- Macbook Air M1 là dòng sản phẩm có thiết kế mỏng nhẹ, sang trọng và tinh tế cùng với đó là giá thành phải chăng nên MacBook Air đã thu hút được đông đảo người dùng yêu thích và lựa chọn. Đây cũng là một trong những phiên bản Macbook Air mới nhất mà khách hàng không thể bỏ qua khi đến với CellphoneS. Dưới đây là chi tiết về thiết kế, cấu hình của máy. \\n\\n - Macbook Air 2020 M1 mới vẫn luôn tuân thủ triết lý thiết kế với những đường nét đơn nhưng vô cùng sang trọng. Máy có độ mỏng nhẹ chỉ 1,29kg và các cạnh tràn viền khiến thiết bị trở nên đẹp hơn và cao cấp hơn.',0,0,6,'2023-07-16 00:00:00','2023-07-16 00:00:00'),(101,'Laptop gaming MSI GF63 Thin 11SC 664VN','I5-11400H/8GB/512GB PCIE/VGA 4GB GTX1650/15.6 FHD 144HZ/WIN11/ĐEN',14000000,13000000,6,'https://cdn2.cellphones.com.vn/x358,webp,q100/media/catalog/product/t/e/text_ng_n_21_.png','- Laptop MSI Gaming GF63 Thin 11SC-664VN là sản phẩm thuộc phân khúc giá tầm trung, phù hợp với những game thủ.\n Đây là dòng laptop có vẻ ngoài nhỏ gọn nhưng vẫn mang đậm phong cách gaming.Vẻ ngoài thanh mảnh nhưng vẫn đậm chất gaming: Nhìn chung, chiếc laptop mang một vẻ ngoài khá thon gọn, tổng bề dày chỉ 21,7 mm và có khối lượng khoảng 1,86kg. Tuy nhiên vì là dòng máy gaming nên ở phần giữa của nắp máy được in chìm logo rồng đỏ quen thuộc nhằm tạo điểm nhấn. Đặc biệt hơn, phần thông gió ở phía dưới được in ẩn hình chữ X khá độc đáo.\n - Dòng Laptop MSI Gaming GF63 Thin 11SC-664VN được trang bị bộ vi xử lý Intel Core thế hệ thứ 11 giúp tăng hiệu suất làm việc lên 15% so với các dòng máy thế hệ trước.',0,0,4,'2023-07-15 00:00:00','2023-07-15 00:00:00'),(102,'Laptop Dell Latidude 7320 9PPWV','- I5-1145G7/16GB/256GB PCIE/13.3 FHD/WIN11 PRO/NHẬP KHẨU CHÍNH HÃN',16600000,15000000,10,'https://cdn2.cellphones.com.vn/358x358,webp,q100/media/catalog/product/l/a/laptop-dell-latitude-7320-9ppwv.png','- Laptop Dell Latitude 7320 9PPWV là chiếc laptop được thiết kế chuyên nghiệp để xử lý các tác vụ văn phòng, duyệt web, email,...Màn hình 13.3 inch tiện lợi cho di chuyển, bộ vi xử lý Intel Core i5 siêu mạnh mẽ là những điểm mạnh của chiếc laptop này. Cụ thể hơn hãy xem đoạn mô tả sau đây để nắm được ưu thế khi chọn mua laptop Dell Latitude nhé.Ram lớn, thỏa mãn nhu cầu lưu trữ, Laptop Dell Latitude 7320 9PPWV được tích hợp bộ ram 16GB, cho phép bạn chạy nhiều ứng dụng cùng lúc không lo gián đoạn. Bạn có thể xử lý các tập tin đồ họa, video nhanh chóng, chơi game giải trí ổn định',0,0,1,'2023-07-16 00:00:00','2023-07-16 00:00:00'),(103,'Laptop ASUS Gaming TUF FX506LHB-HN188W','- Phù hợp cho lập trình viên, thiết kế đồ họa 2D, dân văn phòng\\n - Đa nhiệm mượt mà - Ram 8GB cho phép vừa mở trình duyệt để tra cứu thông tin, vừa làm việc trên phần mềm ',18690000,17000000,5,'https://cdn2.cellphones.com.vn/358x358,webp,q100/media/catalog/product/a/i/air_m2.png','- Macbook Air M1 là dòng sản phẩm có thiết kế mỏng nhẹ, sang trọng và tinh tế cùng với đó là giá thành phải chăng nên MacBook Air đã thu hút được đông đảo người dùng yêu thích và lựa chọn. Đây cũng là một trong những phiên bản Macbook Air mới nhất mà khách hàng không thể bỏ qua khi đến với CellphoneS. Dưới đây là chi tiết về thiết kế, cấu hình của máy. \\n\\n - Macbook Air 2020 M1 mới vẫn luôn tuân thủ triết lý thiết kế với những đường nét đơn nhưng vô cùng sang trọng. Máy có độ mỏng nhẹ chỉ 1,29kg và các cạnh tràn viền khiến thiết bị trở nên đẹp hơn và cao cấp hơn.',0,0,6,'2023-07-16 00:00:00','2023-07-16 00:00:00'),(104,'Apple MacBook Air M1 256GB 2020','- Phù hợp cho lập trình viên, thiết kế đồ họa 2D, dân văn phòng\\n - Đa nhiệm mượt mà - Ram 8GB cho phép vừa mở trình duyệt để tra cứu thông tin, vừa làm việc trên phần mềm ',18690000,17000000,5,'https://cdn2.cellphones.com.vn/358x358,webp,q100/media/catalog/product/a/i/air_m2.png','- Macbook Air M1 là dòng sản phẩm có thiết kế mỏng nhẹ, sang trọng và tinh tế cùng với đó là giá thành phải chăng nên MacBook Air đã thu hút được đông đảo người dùng yêu thích và lựa chọn. Đây cũng là một trong những phiên bản Macbook Air mới nhất mà khách hàng không thể bỏ qua khi đến với CellphoneS. Dưới đây là chi tiết về thiết kế, cấu hình của máy. \\n\\n - Macbook Air 2020 M1 mới vẫn luôn tuân thủ triết lý thiết kế với những đường nét đơn nhưng vô cùng sang trọng. Máy có độ mỏng nhẹ chỉ 1,29kg và các cạnh tràn viền khiến thiết bị trở nên đẹp hơn và cao cấp hơn.',0,0,1,'2023-07-13 00:00:00','2023-07-13 00:00:00'),(105,'Laptop ASUS Gaming TUF FX506LHB-HN188W','- Phù hợp cho lập trình viên, thiết kế đồ họa 2D, dân văn phòng\\n - Đa nhiệm mượt mà - Ram 8GB cho phép vừa mở trình duyệt để tra cứu thông tin, vừa làm việc trên phần mềm ',18690000,17000000,5,'https://cdn2.cellphones.com.vn/358x358,webp,q100/media/catalog/product/a/i/air_m2.png','- Macbook Air M1 là dòng sản phẩm có thiết kế mỏng nhẹ, sang trọng và tinh tế cùng với đó là giá thành phải chăng nên MacBook Air đã thu hút được đông đảo người dùng yêu thích và lựa chọn. Đây cũng là một trong những phiên bản Macbook Air mới nhất mà khách hàng không thể bỏ qua khi đến với CellphoneS. Dưới đây là chi tiết về thiết kế, cấu hình của máy. \\n\\n - Macbook Air 2020 M1 mới vẫn luôn tuân thủ triết lý thiết kế với những đường nét đơn nhưng vô cùng sang trọng. Máy có độ mỏng nhẹ chỉ 1,29kg và các cạnh tràn viền khiến thiết bị trở nên đẹp hơn và cao cấp hơn.',0,0,5,'2023-07-12 00:00:00','2023-07-12 00:00:00'),(106,'Laptop Lenovo Gaming Legion 5 15ARH7 82RE002VVN','- Phù hợp cho lập trình viên, thiết kế đồ họa 2D, dân văn phòng\\n - Đa nhiệm mượt mà - Ram 8GB cho phép vừa mở trình duyệt để tra cứu thông tin, vừa làm việc trên phần mềm ',18690000,17000000,5,'https://cdn2.cellphones.com.vn/358x358,webp,q100/media/catalog/product/a/i/air_m2.png','- Macbook Air M1 là dòng sản phẩm có thiết kế mỏng nhẹ, sang trọng và tinh tế cùng với đó là giá thành phải chăng nên MacBook Air đã thu hút được đông đảo người dùng yêu thích và lựa chọn. Đây cũng là một trong những phiên bản Macbook Air mới nhất mà khách hàng không thể bỏ qua khi đến với CellphoneS. Dưới đây là chi tiết về thiết kế, cấu hình của máy. \\n\\n - Macbook Air 2020 M1 mới vẫn luôn tuân thủ triết lý thiết kế với những đường nét đơn nhưng vô cùng sang trọng. Máy có độ mỏng nhẹ chỉ 1,29kg và các cạnh tràn viền khiến thiết bị trở nên đẹp hơn và cao cấp hơn.',0,0,2,'2023-07-14 00:00:00','2023-07-14 00:00:00'),(107,'Apple MacBook Air M1 256GB 2020','- Phù hợp cho lập trình viên, thiết kế đồ họa 2D, dân văn phòng\\n - Đa nhiệm mượt mà - Ram 8GB cho phép vừa mở trình duyệt để tra cứu thông tin, vừa làm việc trên phần mềm ',18690000,17000000,5,'https://cdn2.cellphones.com.vn/358x358,webp,q100/media/catalog/product/a/i/air_m2.png','- Macbook Air M1 là dòng sản phẩm có thiết kế mỏng nhẹ, sang trọng và tinh tế cùng với đó là giá thành phải chăng nên MacBook Air đã thu hút được đông đảo người dùng yêu thích và lựa chọn. Đây cũng là một trong những phiên bản Macbook Air mới nhất mà khách hàng không thể bỏ qua khi đến với CellphoneS. Dưới đây là chi tiết về thiết kế, cấu hình của máy. \\n\\n - Macbook Air 2020 M1 mới vẫn luôn tuân thủ triết lý thiết kế với những đường nét đơn nhưng vô cùng sang trọng. Máy có độ mỏng nhẹ chỉ 1,29kg và các cạnh tràn viền khiến thiết bị trở nên đẹp hơn và cao cấp hơn.',0,0,3,'2023-07-16 00:00:00','2023-07-16 00:00:00'),(108,'Laptop ASUS Gaming TUF FX506LHB-HN188W','R5-6600H/8GB/512GB PCIE/15.6 FHD 165HZ/VGA 4GB RTX3050/WIN11/XÁM ',18690000,17000000,5,'https://cdn2.cellphones.com.vn/358x358,webp,q100/media/catalog/product/a/i/air_m2.png','- Macbook Air M1 là dòng sản phẩm có thiết kế mỏng nhẹ, sang trọng và tinh tế cùng với đó là giá thành phải chăng nên MacBook Air đã thu hút được đông đảo người dùng yêu thích và lựa chọn. Đây cũng là một trong những phiên bản Macbook Air mới nhất mà khách hàng không thể bỏ qua khi đến với CellphoneS. Dưới đây là chi tiết về thiết kế, cấu hình của máy. \\n\\n - Macbook Air 2020 M1 mới vẫn luôn tuân thủ triết lý thiết kế với những đường nét đơn nhưng vô cùng sang trọng. Máy có độ mỏng nhẹ chỉ 1,29kg và các cạnh tràn viền khiến thiết bị trở nên đẹp hơn và cao cấp hơn.',0,0,6,'2023-07-16 00:00:00','2023-07-16 00:00:00'),(109,'Laptop Lenovo Gaming Legion 5 15ARH7 82RE002VVN','R5-6600H/8GB/512GB PCIE/15.6 FHD 165HZ/VGA 4GB RTX3050/WIN11/XÁM',18690000,17000000,5,'https://cdn2.cellphones.com.vn/358x358,webp,q100/media/catalog/product/a/i/air_m2.png','- Macbook Air M1 là dòng sản phẩm có thiết kế mỏng nhẹ, sang trọng và tinh tế cùng với đó là giá thành phải chăng nên MacBook Air đã thu hút được đông đảo người dùng yêu thích và lựa chọn. Đây cũng là một trong những phiên bản Macbook Air mới nhất mà khách hàng không thể bỏ qua khi đến với CellphoneS. Dưới đây là chi tiết về thiết kế, cấu hình của máy. \\n\\n - Macbook Air 2020 M1 mới vẫn luôn tuân thủ triết lý thiết kế với những đường nét đơn nhưng vô cùng sang trọng. Máy có độ mỏng nhẹ chỉ 1,29kg và các cạnh tràn viền khiến thiết bị trở nên đẹp hơn và cao cấp hơn.',0,0,6,'2023-07-16 00:00:00','2023-07-16 00:00:00'),(110,'Laptop gaming MSI GF63 Thin 11SC 664VN','I5-11400H/8GB/512GB PCIE/VGA 4GB GTX1650/15.6 FHD 144HZ/WIN11/ĐEN',14000000,13000000,6,'https://cdn2.cellphones.com.vn/x358,webp,q100/media/catalog/product/t/e/text_ng_n_21_.png','- Laptop MSI Gaming GF63 Thin 11SC-664VN là sản phẩm thuộc phân khúc giá tầm trung, phù hợp với những game thủ.\n Đây là dòng laptop có vẻ ngoài nhỏ gọn nhưng vẫn mang đậm phong cách gaming.Vẻ ngoài thanh mảnh nhưng vẫn đậm chất gaming: Nhìn chung, chiếc laptop mang một vẻ ngoài khá thon gọn, tổng bề dày chỉ 21,7 mm và có khối lượng khoảng 1,86kg. Tuy nhiên vì là dòng máy gaming nên ở phần giữa của nắp máy được in chìm logo rồng đỏ quen thuộc nhằm tạo điểm nhấn. Đặc biệt hơn, phần thông gió ở phía dưới được in ẩn hình chữ X khá độc đáo.\n - Dòng Laptop MSI Gaming GF63 Thin 11SC-664VN được trang bị bộ vi xử lý Intel Core thế hệ thứ 11 giúp tăng hiệu suất làm việc lên 15% so với các dòng máy thế hệ trước.',0,0,4,'2023-07-15 00:00:00','2023-07-15 00:00:00'),(111,'Laptop Dell Latidude 7320 9PPWV','- I5-1145G7/16GB/256GB PCIE/13.3 FHD/WIN11 PRO/NHẬP KHẨU CHÍNH HÃN',16600000,15000000,10,'https://cdn2.cellphones.com.vn/358x358,webp,q100/media/catalog/product/l/a/laptop-dell-latitude-7320-9ppwv.png','- Laptop Dell Latitude 7320 9PPWV là chiếc laptop được thiết kế chuyên nghiệp để xử lý các tác vụ văn phòng, duyệt web, email,...Màn hình 13.3 inch tiện lợi cho di chuyển, bộ vi xử lý Intel Core i5 siêu mạnh mẽ là những điểm mạnh của chiếc laptop này. Cụ thể hơn hãy xem đoạn mô tả sau đây để nắm được ưu thế khi chọn mua laptop Dell Latitude nhé.Ram lớn, thỏa mãn nhu cầu lưu trữ, Laptop Dell Latitude 7320 9PPWV được tích hợp bộ ram 16GB, cho phép bạn chạy nhiều ứng dụng cùng lúc không lo gián đoạn. Bạn có thể xử lý các tập tin đồ họa, video nhanh chóng, chơi game giải trí ổn định',0,0,1,'2023-07-16 00:00:00','2023-07-16 00:00:00'),(112,'Laptop ASUS Gaming TUF FX506LHB-HN188W','- Phù hợp cho lập trình viên, thiết kế đồ họa 2D, dân văn phòng\\n - Đa nhiệm mượt mà - Ram 8GB cho phép vừa mở trình duyệt để tra cứu thông tin, vừa làm việc trên phần mềm ',18690000,17000000,5,'https://cdn2.cellphones.com.vn/358x358,webp,q100/media/catalog/product/a/i/air_m2.png','- Macbook Air M1 là dòng sản phẩm có thiết kế mỏng nhẹ, sang trọng và tinh tế cùng với đó là giá thành phải chăng nên MacBook Air đã thu hút được đông đảo người dùng yêu thích và lựa chọn. Đây cũng là một trong những phiên bản Macbook Air mới nhất mà khách hàng không thể bỏ qua khi đến với CellphoneS. Dưới đây là chi tiết về thiết kế, cấu hình của máy. \\n\\n - Macbook Air 2020 M1 mới vẫn luôn tuân thủ triết lý thiết kế với những đường nét đơn nhưng vô cùng sang trọng. Máy có độ mỏng nhẹ chỉ 1,29kg và các cạnh tràn viền khiến thiết bị trở nên đẹp hơn và cao cấp hơn.',0,0,6,'2023-07-16 00:00:00','2023-07-16 00:00:00'),(113,'Apple MacBook Air M1 256GB 2020','- Phù hợp cho lập trình viên, thiết kế đồ họa 2D, dân văn phòng\\n - Đa nhiệm mượt mà - Ram 8GB cho phép vừa mở trình duyệt để tra cứu thông tin, vừa làm việc trên phần mềm ',18690000,17000000,5,'https://cdn2.cellphones.com.vn/358x358,webp,q100/media/catalog/product/a/i/air_m2.png','- Macbook Air M1 là dòng sản phẩm có thiết kế mỏng nhẹ, sang trọng và tinh tế cùng với đó là giá thành phải chăng nên MacBook Air đã thu hút được đông đảo người dùng yêu thích và lựa chọn. Đây cũng là một trong những phiên bản Macbook Air mới nhất mà khách hàng không thể bỏ qua khi đến với CellphoneS. Dưới đây là chi tiết về thiết kế, cấu hình của máy. \\n\\n - Macbook Air 2020 M1 mới vẫn luôn tuân thủ triết lý thiết kế với những đường nét đơn nhưng vô cùng sang trọng. Máy có độ mỏng nhẹ chỉ 1,29kg và các cạnh tràn viền khiến thiết bị trở nên đẹp hơn và cao cấp hơn.',0,0,1,'2023-07-13 00:00:00','2023-07-13 00:00:00'),(114,'Laptop ASUS Gaming TUF FX506LHB-HN188W','- Phù hợp cho lập trình viên, thiết kế đồ họa 2D, dân văn phòng\\n - Đa nhiệm mượt mà - Ram 8GB cho phép vừa mở trình duyệt để tra cứu thông tin, vừa làm việc trên phần mềm ',18690000,17000000,5,'https://cdn2.cellphones.com.vn/358x358,webp,q100/media/catalog/product/a/i/air_m2.png','- Macbook Air M1 là dòng sản phẩm có thiết kế mỏng nhẹ, sang trọng và tinh tế cùng với đó là giá thành phải chăng nên MacBook Air đã thu hút được đông đảo người dùng yêu thích và lựa chọn. Đây cũng là một trong những phiên bản Macbook Air mới nhất mà khách hàng không thể bỏ qua khi đến với CellphoneS. Dưới đây là chi tiết về thiết kế, cấu hình của máy. \\n\\n - Macbook Air 2020 M1 mới vẫn luôn tuân thủ triết lý thiết kế với những đường nét đơn nhưng vô cùng sang trọng. Máy có độ mỏng nhẹ chỉ 1,29kg và các cạnh tràn viền khiến thiết bị trở nên đẹp hơn và cao cấp hơn.',0,0,5,'2023-07-12 00:00:00','2023-07-12 00:00:00'),(115,'Laptop Lenovo Gaming Legion 5 15ARH7 82RE002VVN','- Phù hợp cho lập trình viên, thiết kế đồ họa 2D, dân văn phòng\\n - Đa nhiệm mượt mà - Ram 8GB cho phép vừa mở trình duyệt để tra cứu thông tin, vừa làm việc trên phần mềm ',18690000,17000000,5,'https://cdn2.cellphones.com.vn/358x358,webp,q100/media/catalog/product/a/i/air_m2.png','- Macbook Air M1 là dòng sản phẩm có thiết kế mỏng nhẹ, sang trọng và tinh tế cùng với đó là giá thành phải chăng nên MacBook Air đã thu hút được đông đảo người dùng yêu thích và lựa chọn. Đây cũng là một trong những phiên bản Macbook Air mới nhất mà khách hàng không thể bỏ qua khi đến với CellphoneS. Dưới đây là chi tiết về thiết kế, cấu hình của máy. \\n\\n - Macbook Air 2020 M1 mới vẫn luôn tuân thủ triết lý thiết kế với những đường nét đơn nhưng vô cùng sang trọng. Máy có độ mỏng nhẹ chỉ 1,29kg và các cạnh tràn viền khiến thiết bị trở nên đẹp hơn và cao cấp hơn.',0,0,2,'2023-07-14 00:00:00','2023-07-14 00:00:00'),(116,'Apple MacBook Air M1 256GB 2020','- Phù hợp cho lập trình viên, thiết kế đồ họa 2D, dân văn phòng\\n - Đa nhiệm mượt mà - Ram 8GB cho phép vừa mở trình duyệt để tra cứu thông tin, vừa làm việc trên phần mềm ',18690000,17000000,5,'https://cdn2.cellphones.com.vn/358x358,webp,q100/media/catalog/product/a/i/air_m2.png','- Macbook Air M1 là dòng sản phẩm có thiết kế mỏng nhẹ, sang trọng và tinh tế cùng với đó là giá thành phải chăng nên MacBook Air đã thu hút được đông đảo người dùng yêu thích và lựa chọn. Đây cũng là một trong những phiên bản Macbook Air mới nhất mà khách hàng không thể bỏ qua khi đến với CellphoneS. Dưới đây là chi tiết về thiết kế, cấu hình của máy. \\n\\n - Macbook Air 2020 M1 mới vẫn luôn tuân thủ triết lý thiết kế với những đường nét đơn nhưng vô cùng sang trọng. Máy có độ mỏng nhẹ chỉ 1,29kg và các cạnh tràn viền khiến thiết bị trở nên đẹp hơn và cao cấp hơn.',0,0,3,'2023-07-16 00:00:00','2023-07-16 00:00:00'),(117,'Laptop ASUS Gaming TUF FX506LHB-HN188W','R5-6600H/8GB/512GB PCIE/15.6 FHD 165HZ/VGA 4GB RTX3050/WIN11/XÁM ',18690000,17000000,5,'https://cdn2.cellphones.com.vn/358x358,webp,q100/media/catalog/product/a/i/air_m2.png','- Macbook Air M1 là dòng sản phẩm có thiết kế mỏng nhẹ, sang trọng và tinh tế cùng với đó là giá thành phải chăng nên MacBook Air đã thu hút được đông đảo người dùng yêu thích và lựa chọn. Đây cũng là một trong những phiên bản Macbook Air mới nhất mà khách hàng không thể bỏ qua khi đến với CellphoneS. Dưới đây là chi tiết về thiết kế, cấu hình của máy. \\n\\n - Macbook Air 2020 M1 mới vẫn luôn tuân thủ triết lý thiết kế với những đường nét đơn nhưng vô cùng sang trọng. Máy có độ mỏng nhẹ chỉ 1,29kg và các cạnh tràn viền khiến thiết bị trở nên đẹp hơn và cao cấp hơn.',0,0,6,'2023-07-16 00:00:00','2023-07-16 00:00:00'),(118,'Laptop Lenovo Gaming Legion 5 15ARH7 82RE002VVN','R5-6600H/8GB/512GB PCIE/15.6 FHD 165HZ/VGA 4GB RTX3050/WIN11/XÁM',18690000,17000000,5,'https://cdn2.cellphones.com.vn/358x358,webp,q100/media/catalog/product/a/i/air_m2.png','- Macbook Air M1 là dòng sản phẩm có thiết kế mỏng nhẹ, sang trọng và tinh tế cùng với đó là giá thành phải chăng nên MacBook Air đã thu hút được đông đảo người dùng yêu thích và lựa chọn. Đây cũng là một trong những phiên bản Macbook Air mới nhất mà khách hàng không thể bỏ qua khi đến với CellphoneS. Dưới đây là chi tiết về thiết kế, cấu hình của máy. \\n\\n - Macbook Air 2020 M1 mới vẫn luôn tuân thủ triết lý thiết kế với những đường nét đơn nhưng vô cùng sang trọng. Máy có độ mỏng nhẹ chỉ 1,29kg và các cạnh tràn viền khiến thiết bị trở nên đẹp hơn và cao cấp hơn.',0,0,6,'2023-07-16 00:00:00','2023-07-16 00:00:00'),(119,'Laptop gaming MSI GF63 Thin 11SC 664VN','I5-11400H/8GB/512GB PCIE/VGA 4GB GTX1650/15.6 FHD 144HZ/WIN11/ĐEN',14000000,13000000,6,'https://cdn2.cellphones.com.vn/x358,webp,q100/media/catalog/product/t/e/text_ng_n_21_.png','- Laptop MSI Gaming GF63 Thin 11SC-664VN là sản phẩm thuộc phân khúc giá tầm trung, phù hợp với những game thủ.\n Đây là dòng laptop có vẻ ngoài nhỏ gọn nhưng vẫn mang đậm phong cách gaming.Vẻ ngoài thanh mảnh nhưng vẫn đậm chất gaming: Nhìn chung, chiếc laptop mang một vẻ ngoài khá thon gọn, tổng bề dày chỉ 21,7 mm và có khối lượng khoảng 1,86kg. Tuy nhiên vì là dòng máy gaming nên ở phần giữa của nắp máy được in chìm logo rồng đỏ quen thuộc nhằm tạo điểm nhấn. Đặc biệt hơn, phần thông gió ở phía dưới được in ẩn hình chữ X khá độc đáo.\n - Dòng Laptop MSI Gaming GF63 Thin 11SC-664VN được trang bị bộ vi xử lý Intel Core thế hệ thứ 11 giúp tăng hiệu suất làm việc lên 15% so với các dòng máy thế hệ trước.',0,0,4,'2023-07-15 00:00:00','2023-07-15 00:00:00'),(120,'Laptop Dell Latidude 7320 9PPWV','- I5-1145G7/16GB/256GB PCIE/13.3 FHD/WIN11 PRO/NHẬP KHẨU CHÍNH HÃN',16600000,15000000,10,'https://cdn2.cellphones.com.vn/358x358,webp,q100/media/catalog/product/l/a/laptop-dell-latitude-7320-9ppwv.png','- Laptop Dell Latitude 7320 9PPWV là chiếc laptop được thiết kế chuyên nghiệp để xử lý các tác vụ văn phòng, duyệt web, email,...Màn hình 13.3 inch tiện lợi cho di chuyển, bộ vi xử lý Intel Core i5 siêu mạnh mẽ là những điểm mạnh của chiếc laptop này. Cụ thể hơn hãy xem đoạn mô tả sau đây để nắm được ưu thế khi chọn mua laptop Dell Latitude nhé.Ram lớn, thỏa mãn nhu cầu lưu trữ, Laptop Dell Latitude 7320 9PPWV được tích hợp bộ ram 16GB, cho phép bạn chạy nhiều ứng dụng cùng lúc không lo gián đoạn. Bạn có thể xử lý các tập tin đồ họa, video nhanh chóng, chơi game giải trí ổn định',0,0,1,'2023-07-16 00:00:00','2023-07-16 00:00:00'),(121,'Laptop ASUS Gaming TUF FX506LHB-HN188W','- Phù hợp cho lập trình viên, thiết kế đồ họa 2D, dân văn phòng\\n - Đa nhiệm mượt mà - Ram 8GB cho phép vừa mở trình duyệt để tra cứu thông tin, vừa làm việc trên phần mềm ',18690000,17000000,5,'https://cdn2.cellphones.com.vn/358x358,webp,q100/media/catalog/product/a/i/air_m2.png','- Macbook Air M1 là dòng sản phẩm có thiết kế mỏng nhẹ, sang trọng và tinh tế cùng với đó là giá thành phải chăng nên MacBook Air đã thu hút được đông đảo người dùng yêu thích và lựa chọn. Đây cũng là một trong những phiên bản Macbook Air mới nhất mà khách hàng không thể bỏ qua khi đến với CellphoneS. Dưới đây là chi tiết về thiết kế, cấu hình của máy. \\n\\n - Macbook Air 2020 M1 mới vẫn luôn tuân thủ triết lý thiết kế với những đường nét đơn nhưng vô cùng sang trọng. Máy có độ mỏng nhẹ chỉ 1,29kg và các cạnh tràn viền khiến thiết bị trở nên đẹp hơn và cao cấp hơn.',0,0,6,'2023-07-16 00:00:00','2023-07-16 00:00:00'),(122,'Apple MacBook Air M1 256GB 2020','- Phù hợp cho lập trình viên, thiết kế đồ họa 2D, dân văn phòng\\n - Đa nhiệm mượt mà - Ram 8GB cho phép vừa mở trình duyệt để tra cứu thông tin, vừa làm việc trên phần mềm ',18690000,17000000,5,'https://cdn2.cellphones.com.vn/358x358,webp,q100/media/catalog/product/a/i/air_m2.png','- Macbook Air M1 là dòng sản phẩm có thiết kế mỏng nhẹ, sang trọng và tinh tế cùng với đó là giá thành phải chăng nên MacBook Air đã thu hút được đông đảo người dùng yêu thích và lựa chọn. Đây cũng là một trong những phiên bản Macbook Air mới nhất mà khách hàng không thể bỏ qua khi đến với CellphoneS. Dưới đây là chi tiết về thiết kế, cấu hình của máy. \\n\\n - Macbook Air 2020 M1 mới vẫn luôn tuân thủ triết lý thiết kế với những đường nét đơn nhưng vô cùng sang trọng. Máy có độ mỏng nhẹ chỉ 1,29kg và các cạnh tràn viền khiến thiết bị trở nên đẹp hơn và cao cấp hơn.',0,0,1,'2023-07-13 00:00:00','2023-07-13 00:00:00'),(123,'Laptop ASUS Gaming TUF FX506LHB-HN188W','- Phù hợp cho lập trình viên, thiết kế đồ họa 2D, dân văn phòng\\n - Đa nhiệm mượt mà - Ram 8GB cho phép vừa mở trình duyệt để tra cứu thông tin, vừa làm việc trên phần mềm ',18690000,17000000,5,'https://cdn2.cellphones.com.vn/358x358,webp,q100/media/catalog/product/a/i/air_m2.png','- Macbook Air M1 là dòng sản phẩm có thiết kế mỏng nhẹ, sang trọng và tinh tế cùng với đó là giá thành phải chăng nên MacBook Air đã thu hút được đông đảo người dùng yêu thích và lựa chọn. Đây cũng là một trong những phiên bản Macbook Air mới nhất mà khách hàng không thể bỏ qua khi đến với CellphoneS. Dưới đây là chi tiết về thiết kế, cấu hình của máy. \\n\\n - Macbook Air 2020 M1 mới vẫn luôn tuân thủ triết lý thiết kế với những đường nét đơn nhưng vô cùng sang trọng. Máy có độ mỏng nhẹ chỉ 1,29kg và các cạnh tràn viền khiến thiết bị trở nên đẹp hơn và cao cấp hơn.',0,0,5,'2023-07-12 00:00:00','2023-07-12 00:00:00'),(124,'Laptop Lenovo Gaming Legion 5 15ARH7 82RE002VVN','- Phù hợp cho lập trình viên, thiết kế đồ họa 2D, dân văn phòng\\n - Đa nhiệm mượt mà - Ram 8GB cho phép vừa mở trình duyệt để tra cứu thông tin, vừa làm việc trên phần mềm ',18690000,17000000,5,'https://cdn2.cellphones.com.vn/358x358,webp,q100/media/catalog/product/a/i/air_m2.png','- Macbook Air M1 là dòng sản phẩm có thiết kế mỏng nhẹ, sang trọng và tinh tế cùng với đó là giá thành phải chăng nên MacBook Air đã thu hút được đông đảo người dùng yêu thích và lựa chọn. Đây cũng là một trong những phiên bản Macbook Air mới nhất mà khách hàng không thể bỏ qua khi đến với CellphoneS. Dưới đây là chi tiết về thiết kế, cấu hình của máy. \\n\\n - Macbook Air 2020 M1 mới vẫn luôn tuân thủ triết lý thiết kế với những đường nét đơn nhưng vô cùng sang trọng. Máy có độ mỏng nhẹ chỉ 1,29kg và các cạnh tràn viền khiến thiết bị trở nên đẹp hơn và cao cấp hơn.',0,0,2,'2023-07-14 00:00:00','2023-07-14 00:00:00'),(125,'Apple MacBook Air M1 256GB 2020','- Phù hợp cho lập trình viên, thiết kế đồ họa 2D, dân văn phòng\\n - Đa nhiệm mượt mà - Ram 8GB cho phép vừa mở trình duyệt để tra cứu thông tin, vừa làm việc trên phần mềm ',18690000,17000000,5,'https://cdn2.cellphones.com.vn/358x358,webp,q100/media/catalog/product/a/i/air_m2.png','- Macbook Air M1 là dòng sản phẩm có thiết kế mỏng nhẹ, sang trọng và tinh tế cùng với đó là giá thành phải chăng nên MacBook Air đã thu hút được đông đảo người dùng yêu thích và lựa chọn. Đây cũng là một trong những phiên bản Macbook Air mới nhất mà khách hàng không thể bỏ qua khi đến với CellphoneS. Dưới đây là chi tiết về thiết kế, cấu hình của máy. \\n\\n - Macbook Air 2020 M1 mới vẫn luôn tuân thủ triết lý thiết kế với những đường nét đơn nhưng vô cùng sang trọng. Máy có độ mỏng nhẹ chỉ 1,29kg và các cạnh tràn viền khiến thiết bị trở nên đẹp hơn và cao cấp hơn.',0,0,3,'2023-07-16 00:00:00','2023-07-16 00:00:00'),(126,'Laptop ASUS Gaming TUF FX506LHB-HN188W','R5-6600H/8GB/512GB PCIE/15.6 FHD 165HZ/VGA 4GB RTX3050/WIN11/XÁM ',18690000,17000000,5,'https://cdn2.cellphones.com.vn/358x358,webp,q100/media/catalog/product/a/i/air_m2.png','- Macbook Air M1 là dòng sản phẩm có thiết kế mỏng nhẹ, sang trọng và tinh tế cùng với đó là giá thành phải chăng nên MacBook Air đã thu hút được đông đảo người dùng yêu thích và lựa chọn. Đây cũng là một trong những phiên bản Macbook Air mới nhất mà khách hàng không thể bỏ qua khi đến với CellphoneS. Dưới đây là chi tiết về thiết kế, cấu hình của máy. \\n\\n - Macbook Air 2020 M1 mới vẫn luôn tuân thủ triết lý thiết kế với những đường nét đơn nhưng vô cùng sang trọng. Máy có độ mỏng nhẹ chỉ 1,29kg và các cạnh tràn viền khiến thiết bị trở nên đẹp hơn và cao cấp hơn.',0,0,6,'2023-07-16 00:00:00','2023-07-16 00:00:00'),(127,'Laptop Lenovo Gaming Legion 5 15ARH7 82RE002VVN','R5-6600H/8GB/512GB PCIE/15.6 FHD 165HZ/VGA 4GB RTX3050/WIN11/XÁM',18690000,17000000,5,'https://cdn2.cellphones.com.vn/358x358,webp,q100/media/catalog/product/a/i/air_m2.png','- Macbook Air M1 là dòng sản phẩm có thiết kế mỏng nhẹ, sang trọng và tinh tế cùng với đó là giá thành phải chăng nên MacBook Air đã thu hút được đông đảo người dùng yêu thích và lựa chọn. Đây cũng là một trong những phiên bản Macbook Air mới nhất mà khách hàng không thể bỏ qua khi đến với CellphoneS. Dưới đây là chi tiết về thiết kế, cấu hình của máy. \\n\\n - Macbook Air 2020 M1 mới vẫn luôn tuân thủ triết lý thiết kế với những đường nét đơn nhưng vô cùng sang trọng. Máy có độ mỏng nhẹ chỉ 1,29kg và các cạnh tràn viền khiến thiết bị trở nên đẹp hơn và cao cấp hơn.',0,0,6,'2023-07-16 00:00:00','2023-07-16 00:00:00'),(128,'Laptop gaming MSI GF63 Thin 11SC 664VN','I5-11400H/8GB/512GB PCIE/VGA 4GB GTX1650/15.6 FHD 144HZ/WIN11/ĐEN',14000000,13000000,6,'https://cdn2.cellphones.com.vn/x358,webp,q100/media/catalog/product/t/e/text_ng_n_21_.png','- Laptop MSI Gaming GF63 Thin 11SC-664VN là sản phẩm thuộc phân khúc giá tầm trung, phù hợp với những game thủ.\n Đây là dòng laptop có vẻ ngoài nhỏ gọn nhưng vẫn mang đậm phong cách gaming.Vẻ ngoài thanh mảnh nhưng vẫn đậm chất gaming: Nhìn chung, chiếc laptop mang một vẻ ngoài khá thon gọn, tổng bề dày chỉ 21,7 mm và có khối lượng khoảng 1,86kg. Tuy nhiên vì là dòng máy gaming nên ở phần giữa của nắp máy được in chìm logo rồng đỏ quen thuộc nhằm tạo điểm nhấn. Đặc biệt hơn, phần thông gió ở phía dưới được in ẩn hình chữ X khá độc đáo.\n - Dòng Laptop MSI Gaming GF63 Thin 11SC-664VN được trang bị bộ vi xử lý Intel Core thế hệ thứ 11 giúp tăng hiệu suất làm việc lên 15% so với các dòng máy thế hệ trước.',0,0,4,'2023-07-15 00:00:00','2023-07-15 00:00:00'),(129,'Laptop Dell Latidude 7320 9PPWV','- I5-1145G7/16GB/256GB PCIE/13.3 FHD/WIN11 PRO/NHẬP KHẨU CHÍNH HÃN',16600000,15000000,10,'https://cdn2.cellphones.com.vn/358x358,webp,q100/media/catalog/product/l/a/laptop-dell-latitude-7320-9ppwv.png','- Laptop Dell Latitude 7320 9PPWV là chiếc laptop được thiết kế chuyên nghiệp để xử lý các tác vụ văn phòng, duyệt web, email,...Màn hình 13.3 inch tiện lợi cho di chuyển, bộ vi xử lý Intel Core i5 siêu mạnh mẽ là những điểm mạnh của chiếc laptop này. Cụ thể hơn hãy xem đoạn mô tả sau đây để nắm được ưu thế khi chọn mua laptop Dell Latitude nhé.Ram lớn, thỏa mãn nhu cầu lưu trữ, Laptop Dell Latitude 7320 9PPWV được tích hợp bộ ram 16GB, cho phép bạn chạy nhiều ứng dụng cùng lúc không lo gián đoạn. Bạn có thể xử lý các tập tin đồ họa, video nhanh chóng, chơi game giải trí ổn định',0,0,1,'2023-07-16 00:00:00','2023-07-16 00:00:00'),(130,'Laptop ASUS Gaming TUF FX506LHB-HN188W','- Phù hợp cho lập trình viên, thiết kế đồ họa 2D, dân văn phòng\\n - Đa nhiệm mượt mà - Ram 8GB cho phép vừa mở trình duyệt để tra cứu thông tin, vừa làm việc trên phần mềm ',18690000,17000000,5,'https://cdn2.cellphones.com.vn/358x358,webp,q100/media/catalog/product/a/i/air_m2.png','- Macbook Air M1 là dòng sản phẩm có thiết kế mỏng nhẹ, sang trọng và tinh tế cùng với đó là giá thành phải chăng nên MacBook Air đã thu hút được đông đảo người dùng yêu thích và lựa chọn. Đây cũng là một trong những phiên bản Macbook Air mới nhất mà khách hàng không thể bỏ qua khi đến với CellphoneS. Dưới đây là chi tiết về thiết kế, cấu hình của máy. \\n\\n - Macbook Air 2020 M1 mới vẫn luôn tuân thủ triết lý thiết kế với những đường nét đơn nhưng vô cùng sang trọng. Máy có độ mỏng nhẹ chỉ 1,29kg và các cạnh tràn viền khiến thiết bị trở nên đẹp hơn và cao cấp hơn.',0,0,6,'2023-07-16 00:00:00','2023-07-16 00:00:00'),(131,'Apple MacBook Air M1 256GB 2020','- Phù hợp cho lập trình viên, thiết kế đồ họa 2D, dân văn phòng\\n - Đa nhiệm mượt mà - Ram 8GB cho phép vừa mở trình duyệt để tra cứu thông tin, vừa làm việc trên phần mềm ',18690000,17000000,5,'https://cdn2.cellphones.com.vn/358x358,webp,q100/media/catalog/product/a/i/air_m2.png','- Macbook Air M1 là dòng sản phẩm có thiết kế mỏng nhẹ, sang trọng và tinh tế cùng với đó là giá thành phải chăng nên MacBook Air đã thu hút được đông đảo người dùng yêu thích và lựa chọn. Đây cũng là một trong những phiên bản Macbook Air mới nhất mà khách hàng không thể bỏ qua khi đến với CellphoneS. Dưới đây là chi tiết về thiết kế, cấu hình của máy. \\n\\n - Macbook Air 2020 M1 mới vẫn luôn tuân thủ triết lý thiết kế với những đường nét đơn nhưng vô cùng sang trọng. Máy có độ mỏng nhẹ chỉ 1,29kg và các cạnh tràn viền khiến thiết bị trở nên đẹp hơn và cao cấp hơn.',0,0,1,'2023-07-13 00:00:00','2023-07-13 00:00:00'),(132,'Laptop ASUS Gaming TUF FX506LHB-HN188W','- Phù hợp cho lập trình viên, thiết kế đồ họa 2D, dân văn phòng\\n - Đa nhiệm mượt mà - Ram 8GB cho phép vừa mở trình duyệt để tra cứu thông tin, vừa làm việc trên phần mềm ',18690000,17000000,5,'https://cdn2.cellphones.com.vn/358x358,webp,q100/media/catalog/product/a/i/air_m2.png','- Macbook Air M1 là dòng sản phẩm có thiết kế mỏng nhẹ, sang trọng và tinh tế cùng với đó là giá thành phải chăng nên MacBook Air đã thu hút được đông đảo người dùng yêu thích và lựa chọn. Đây cũng là một trong những phiên bản Macbook Air mới nhất mà khách hàng không thể bỏ qua khi đến với CellphoneS. Dưới đây là chi tiết về thiết kế, cấu hình của máy. \\n\\n - Macbook Air 2020 M1 mới vẫn luôn tuân thủ triết lý thiết kế với những đường nét đơn nhưng vô cùng sang trọng. Máy có độ mỏng nhẹ chỉ 1,29kg và các cạnh tràn viền khiến thiết bị trở nên đẹp hơn và cao cấp hơn.',0,0,5,'2023-07-12 00:00:00','2023-07-12 00:00:00'),(133,'Laptop Lenovo Gaming Legion 5 15ARH7 82RE002VVN','- Phù hợp cho lập trình viên, thiết kế đồ họa 2D, dân văn phòng\\n - Đa nhiệm mượt mà - Ram 8GB cho phép vừa mở trình duyệt để tra cứu thông tin, vừa làm việc trên phần mềm ',18690000,17000000,5,'https://cdn2.cellphones.com.vn/358x358,webp,q100/media/catalog/product/a/i/air_m2.png','- Macbook Air M1 là dòng sản phẩm có thiết kế mỏng nhẹ, sang trọng và tinh tế cùng với đó là giá thành phải chăng nên MacBook Air đã thu hút được đông đảo người dùng yêu thích và lựa chọn. Đây cũng là một trong những phiên bản Macbook Air mới nhất mà khách hàng không thể bỏ qua khi đến với CellphoneS. Dưới đây là chi tiết về thiết kế, cấu hình của máy. \\n\\n - Macbook Air 2020 M1 mới vẫn luôn tuân thủ triết lý thiết kế với những đường nét đơn nhưng vô cùng sang trọng. Máy có độ mỏng nhẹ chỉ 1,29kg và các cạnh tràn viền khiến thiết bị trở nên đẹp hơn và cao cấp hơn.',0,0,2,'2023-07-14 00:00:00','2023-07-14 00:00:00'),(134,'Apple MacBook Air M1 256GB 2020','- Phù hợp cho lập trình viên, thiết kế đồ họa 2D, dân văn phòng\\n - Đa nhiệm mượt mà - Ram 8GB cho phép vừa mở trình duyệt để tra cứu thông tin, vừa làm việc trên phần mềm ',18690000,17000000,5,'https://cdn2.cellphones.com.vn/358x358,webp,q100/media/catalog/product/a/i/air_m2.png','- Macbook Air M1 là dòng sản phẩm có thiết kế mỏng nhẹ, sang trọng và tinh tế cùng với đó là giá thành phải chăng nên MacBook Air đã thu hút được đông đảo người dùng yêu thích và lựa chọn. Đây cũng là một trong những phiên bản Macbook Air mới nhất mà khách hàng không thể bỏ qua khi đến với CellphoneS. Dưới đây là chi tiết về thiết kế, cấu hình của máy. \\n\\n - Macbook Air 2020 M1 mới vẫn luôn tuân thủ triết lý thiết kế với những đường nét đơn nhưng vô cùng sang trọng. Máy có độ mỏng nhẹ chỉ 1,29kg và các cạnh tràn viền khiến thiết bị trở nên đẹp hơn và cao cấp hơn.',0,0,3,'2023-07-16 00:00:00','2023-07-16 00:00:00'),(135,'Laptop ASUS Gaming TUF FX506LHB-HN188W','R5-6600H/8GB/512GB PCIE/15.6 FHD 165HZ/VGA 4GB RTX3050/WIN11/XÁM ',18690000,17000000,5,'https://cdn2.cellphones.com.vn/358x358,webp,q100/media/catalog/product/a/i/air_m2.png','- Macbook Air M1 là dòng sản phẩm có thiết kế mỏng nhẹ, sang trọng và tinh tế cùng với đó là giá thành phải chăng nên MacBook Air đã thu hút được đông đảo người dùng yêu thích và lựa chọn. Đây cũng là một trong những phiên bản Macbook Air mới nhất mà khách hàng không thể bỏ qua khi đến với CellphoneS. Dưới đây là chi tiết về thiết kế, cấu hình của máy. \\n\\n - Macbook Air 2020 M1 mới vẫn luôn tuân thủ triết lý thiết kế với những đường nét đơn nhưng vô cùng sang trọng. Máy có độ mỏng nhẹ chỉ 1,29kg và các cạnh tràn viền khiến thiết bị trở nên đẹp hơn và cao cấp hơn.',0,0,6,'2023-07-16 00:00:00','2023-07-16 00:00:00'),(136,'Laptop Lenovo Gaming Legion 5 15ARH7 82RE002VVN','R5-6600H/8GB/512GB PCIE/15.6 FHD 165HZ/VGA 4GB RTX3050/WIN11/XÁM',18690000,17000000,5,'https://cdn2.cellphones.com.vn/358x358,webp,q100/media/catalog/product/a/i/air_m2.png','- Macbook Air M1 là dòng sản phẩm có thiết kế mỏng nhẹ, sang trọng và tinh tế cùng với đó là giá thành phải chăng nên MacBook Air đã thu hút được đông đảo người dùng yêu thích và lựa chọn. Đây cũng là một trong những phiên bản Macbook Air mới nhất mà khách hàng không thể bỏ qua khi đến với CellphoneS. Dưới đây là chi tiết về thiết kế, cấu hình của máy. \\n\\n - Macbook Air 2020 M1 mới vẫn luôn tuân thủ triết lý thiết kế với những đường nét đơn nhưng vô cùng sang trọng. Máy có độ mỏng nhẹ chỉ 1,29kg và các cạnh tràn viền khiến thiết bị trở nên đẹp hơn và cao cấp hơn.',0,0,6,'2023-07-16 00:00:00','2023-07-16 00:00:00'),(137,'Laptop gaming MSI GF63 Thin 11SC 664VN','I5-11400H/8GB/512GB PCIE/VGA 4GB GTX1650/15.6 FHD 144HZ/WIN11/ĐEN',14000000,13000000,6,'https://cdn2.cellphones.com.vn/x358,webp,q100/media/catalog/product/t/e/text_ng_n_21_.png','- Laptop MSI Gaming GF63 Thin 11SC-664VN là sản phẩm thuộc phân khúc giá tầm trung, phù hợp với những game thủ.\n Đây là dòng laptop có vẻ ngoài nhỏ gọn nhưng vẫn mang đậm phong cách gaming.Vẻ ngoài thanh mảnh nhưng vẫn đậm chất gaming: Nhìn chung, chiếc laptop mang một vẻ ngoài khá thon gọn, tổng bề dày chỉ 21,7 mm và có khối lượng khoảng 1,86kg. Tuy nhiên vì là dòng máy gaming nên ở phần giữa của nắp máy được in chìm logo rồng đỏ quen thuộc nhằm tạo điểm nhấn. Đặc biệt hơn, phần thông gió ở phía dưới được in ẩn hình chữ X khá độc đáo.\n - Dòng Laptop MSI Gaming GF63 Thin 11SC-664VN được trang bị bộ vi xử lý Intel Core thế hệ thứ 11 giúp tăng hiệu suất làm việc lên 15% so với các dòng máy thế hệ trước.',0,0,4,'2023-07-15 00:00:00','2023-07-15 00:00:00'),(138,'Laptop Dell Latidude 7320 9PPWV','- I5-1145G7/16GB/256GB PCIE/13.3 FHD/WIN11 PRO/NHẬP KHẨU CHÍNH HÃN',16600000,15000000,10,'https://cdn2.cellphones.com.vn/358x358,webp,q100/media/catalog/product/l/a/laptop-dell-latitude-7320-9ppwv.png','- Laptop Dell Latitude 7320 9PPWV là chiếc laptop được thiết kế chuyên nghiệp để xử lý các tác vụ văn phòng, duyệt web, email,...Màn hình 13.3 inch tiện lợi cho di chuyển, bộ vi xử lý Intel Core i5 siêu mạnh mẽ là những điểm mạnh của chiếc laptop này. Cụ thể hơn hãy xem đoạn mô tả sau đây để nắm được ưu thế khi chọn mua laptop Dell Latitude nhé.Ram lớn, thỏa mãn nhu cầu lưu trữ, Laptop Dell Latitude 7320 9PPWV được tích hợp bộ ram 16GB, cho phép bạn chạy nhiều ứng dụng cùng lúc không lo gián đoạn. Bạn có thể xử lý các tập tin đồ họa, video nhanh chóng, chơi game giải trí ổn định',0,0,1,'2023-07-16 00:00:00','2023-07-16 00:00:00'),(139,'Laptop ASUS Gaming TUF FX506LHB-HN188W','- Phù hợp cho lập trình viên, thiết kế đồ họa 2D, dân văn phòng\\n - Đa nhiệm mượt mà - Ram 8GB cho phép vừa mở trình duyệt để tra cứu thông tin, vừa làm việc trên phần mềm ',18690000,17000000,5,'https://cdn2.cellphones.com.vn/358x358,webp,q100/media/catalog/product/a/i/air_m2.png','- Macbook Air M1 là dòng sản phẩm có thiết kế mỏng nhẹ, sang trọng và tinh tế cùng với đó là giá thành phải chăng nên MacBook Air đã thu hút được đông đảo người dùng yêu thích và lựa chọn. Đây cũng là một trong những phiên bản Macbook Air mới nhất mà khách hàng không thể bỏ qua khi đến với CellphoneS. Dưới đây là chi tiết về thiết kế, cấu hình của máy. \\n\\n - Macbook Air 2020 M1 mới vẫn luôn tuân thủ triết lý thiết kế với những đường nét đơn nhưng vô cùng sang trọng. Máy có độ mỏng nhẹ chỉ 1,29kg và các cạnh tràn viền khiến thiết bị trở nên đẹp hơn và cao cấp hơn.',0,0,6,'2023-07-16 00:00:00','2023-07-16 00:00:00'),(140,'Apple MacBook Air M1 256GB 2020','- Phù hợp cho lập trình viên, thiết kế đồ họa 2D, dân văn phòng\\n - Đa nhiệm mượt mà - Ram 8GB cho phép vừa mở trình duyệt để tra cứu thông tin, vừa làm việc trên phần mềm ',18690000,17000000,5,'https://cdn2.cellphones.com.vn/358x358,webp,q100/media/catalog/product/a/i/air_m2.png','- Macbook Air M1 là dòng sản phẩm có thiết kế mỏng nhẹ, sang trọng và tinh tế cùng với đó là giá thành phải chăng nên MacBook Air đã thu hút được đông đảo người dùng yêu thích và lựa chọn. Đây cũng là một trong những phiên bản Macbook Air mới nhất mà khách hàng không thể bỏ qua khi đến với CellphoneS. Dưới đây là chi tiết về thiết kế, cấu hình của máy. \\n\\n - Macbook Air 2020 M1 mới vẫn luôn tuân thủ triết lý thiết kế với những đường nét đơn nhưng vô cùng sang trọng. Máy có độ mỏng nhẹ chỉ 1,29kg và các cạnh tràn viền khiến thiết bị trở nên đẹp hơn và cao cấp hơn.',0,0,1,'2023-07-13 00:00:00','2023-07-13 00:00:00'),(141,'Laptop ASUS Gaming TUF FX506LHB-HN188W','- Phù hợp cho lập trình viên, thiết kế đồ họa 2D, dân văn phòng\\n - Đa nhiệm mượt mà - Ram 8GB cho phép vừa mở trình duyệt để tra cứu thông tin, vừa làm việc trên phần mềm ',18690000,17000000,5,'https://cdn2.cellphones.com.vn/358x358,webp,q100/media/catalog/product/a/i/air_m2.png','- Macbook Air M1 là dòng sản phẩm có thiết kế mỏng nhẹ, sang trọng và tinh tế cùng với đó là giá thành phải chăng nên MacBook Air đã thu hút được đông đảo người dùng yêu thích và lựa chọn. Đây cũng là một trong những phiên bản Macbook Air mới nhất mà khách hàng không thể bỏ qua khi đến với CellphoneS. Dưới đây là chi tiết về thiết kế, cấu hình của máy. \\n\\n - Macbook Air 2020 M1 mới vẫn luôn tuân thủ triết lý thiết kế với những đường nét đơn nhưng vô cùng sang trọng. Máy có độ mỏng nhẹ chỉ 1,29kg và các cạnh tràn viền khiến thiết bị trở nên đẹp hơn và cao cấp hơn.',0,0,5,'2023-07-12 00:00:00','2023-07-12 00:00:00'),(142,'Laptop Lenovo Gaming Legion 5 15ARH7 82RE002VVN','- Phù hợp cho lập trình viên, thiết kế đồ họa 2D, dân văn phòng\\n - Đa nhiệm mượt mà - Ram 8GB cho phép vừa mở trình duyệt để tra cứu thông tin, vừa làm việc trên phần mềm ',18690000,17000000,5,'https://cdn2.cellphones.com.vn/358x358,webp,q100/media/catalog/product/a/i/air_m2.png','- Macbook Air M1 là dòng sản phẩm có thiết kế mỏng nhẹ, sang trọng và tinh tế cùng với đó là giá thành phải chăng nên MacBook Air đã thu hút được đông đảo người dùng yêu thích và lựa chọn. Đây cũng là một trong những phiên bản Macbook Air mới nhất mà khách hàng không thể bỏ qua khi đến với CellphoneS. Dưới đây là chi tiết về thiết kế, cấu hình của máy. \\n\\n - Macbook Air 2020 M1 mới vẫn luôn tuân thủ triết lý thiết kế với những đường nét đơn nhưng vô cùng sang trọng. Máy có độ mỏng nhẹ chỉ 1,29kg và các cạnh tràn viền khiến thiết bị trở nên đẹp hơn và cao cấp hơn.',0,0,2,'2023-07-14 00:00:00','2023-07-14 00:00:00'),(143,'Apple MacBook Air M1 256GB 2020','- Phù hợp cho lập trình viên, thiết kế đồ họa 2D, dân văn phòng\\n - Đa nhiệm mượt mà - Ram 8GB cho phép vừa mở trình duyệt để tra cứu thông tin, vừa làm việc trên phần mềm ',18690000,17000000,5,'https://cdn2.cellphones.com.vn/358x358,webp,q100/media/catalog/product/a/i/air_m2.png','- Macbook Air M1 là dòng sản phẩm có thiết kế mỏng nhẹ, sang trọng và tinh tế cùng với đó là giá thành phải chăng nên MacBook Air đã thu hút được đông đảo người dùng yêu thích và lựa chọn. Đây cũng là một trong những phiên bản Macbook Air mới nhất mà khách hàng không thể bỏ qua khi đến với CellphoneS. Dưới đây là chi tiết về thiết kế, cấu hình của máy. \\n\\n - Macbook Air 2020 M1 mới vẫn luôn tuân thủ triết lý thiết kế với những đường nét đơn nhưng vô cùng sang trọng. Máy có độ mỏng nhẹ chỉ 1,29kg và các cạnh tràn viền khiến thiết bị trở nên đẹp hơn và cao cấp hơn.',0,0,3,'2023-07-16 00:00:00','2023-07-16 00:00:00'),(144,'Laptop ASUS Gaming TUF FX506LHB-HN188W','R5-6600H/8GB/512GB PCIE/15.6 FHD 165HZ/VGA 4GB RTX3050/WIN11/XÁM ',18690000,17000000,5,'https://cdn2.cellphones.com.vn/358x358,webp,q100/media/catalog/product/a/i/air_m2.png','- Macbook Air M1 là dòng sản phẩm có thiết kế mỏng nhẹ, sang trọng và tinh tế cùng với đó là giá thành phải chăng nên MacBook Air đã thu hút được đông đảo người dùng yêu thích và lựa chọn. Đây cũng là một trong những phiên bản Macbook Air mới nhất mà khách hàng không thể bỏ qua khi đến với CellphoneS. Dưới đây là chi tiết về thiết kế, cấu hình của máy. \\n\\n - Macbook Air 2020 M1 mới vẫn luôn tuân thủ triết lý thiết kế với những đường nét đơn nhưng vô cùng sang trọng. Máy có độ mỏng nhẹ chỉ 1,29kg và các cạnh tràn viền khiến thiết bị trở nên đẹp hơn và cao cấp hơn.',0,0,6,'2023-07-16 00:00:00','2023-07-16 00:00:00'),(145,'Laptop Lenovo Gaming Legion 5 15ARH7 82RE002VVN','R5-6600H/8GB/512GB PCIE/15.6 FHD 165HZ/VGA 4GB RTX3050/WIN11/XÁM',18690000,17000000,5,'https://cdn2.cellphones.com.vn/358x358,webp,q100/media/catalog/product/a/i/air_m2.png','- Macbook Air M1 là dòng sản phẩm có thiết kế mỏng nhẹ, sang trọng và tinh tế cùng với đó là giá thành phải chăng nên MacBook Air đã thu hút được đông đảo người dùng yêu thích và lựa chọn. Đây cũng là một trong những phiên bản Macbook Air mới nhất mà khách hàng không thể bỏ qua khi đến với CellphoneS. Dưới đây là chi tiết về thiết kế, cấu hình của máy. \\n\\n - Macbook Air 2020 M1 mới vẫn luôn tuân thủ triết lý thiết kế với những đường nét đơn nhưng vô cùng sang trọng. Máy có độ mỏng nhẹ chỉ 1,29kg và các cạnh tràn viền khiến thiết bị trở nên đẹp hơn và cao cấp hơn.',0,0,6,'2023-07-16 00:00:00','2023-07-16 00:00:00'),(146,'Laptop gaming MSI GF63 Thin 11SC 664VN','I5-11400H/8GB/512GB PCIE/VGA 4GB GTX1650/15.6 FHD 144HZ/WIN11/ĐEN',14000000,13000000,6,'https://cdn2.cellphones.com.vn/x358,webp,q100/media/catalog/product/t/e/text_ng_n_21_.png','- Laptop MSI Gaming GF63 Thin 11SC-664VN là sản phẩm thuộc phân khúc giá tầm trung, phù hợp với những game thủ.\n Đây là dòng laptop có vẻ ngoài nhỏ gọn nhưng vẫn mang đậm phong cách gaming.Vẻ ngoài thanh mảnh nhưng vẫn đậm chất gaming: Nhìn chung, chiếc laptop mang một vẻ ngoài khá thon gọn, tổng bề dày chỉ 21,7 mm và có khối lượng khoảng 1,86kg. Tuy nhiên vì là dòng máy gaming nên ở phần giữa của nắp máy được in chìm logo rồng đỏ quen thuộc nhằm tạo điểm nhấn. Đặc biệt hơn, phần thông gió ở phía dưới được in ẩn hình chữ X khá độc đáo.\n - Dòng Laptop MSI Gaming GF63 Thin 11SC-664VN được trang bị bộ vi xử lý Intel Core thế hệ thứ 11 giúp tăng hiệu suất làm việc lên 15% so với các dòng máy thế hệ trước.',0,0,4,'2023-07-15 00:00:00','2023-07-15 00:00:00'),(147,'Laptop Dell Latidude 7320 9PPWV','- I5-1145G7/16GB/256GB PCIE/13.3 FHD/WIN11 PRO/NHẬP KHẨU CHÍNH HÃN',16600000,15000000,10,'https://cdn2.cellphones.com.vn/358x358,webp,q100/media/catalog/product/l/a/laptop-dell-latitude-7320-9ppwv.png','- Laptop Dell Latitude 7320 9PPWV là chiếc laptop được thiết kế chuyên nghiệp để xử lý các tác vụ văn phòng, duyệt web, email,...Màn hình 13.3 inch tiện lợi cho di chuyển, bộ vi xử lý Intel Core i5 siêu mạnh mẽ là những điểm mạnh của chiếc laptop này. Cụ thể hơn hãy xem đoạn mô tả sau đây để nắm được ưu thế khi chọn mua laptop Dell Latitude nhé.Ram lớn, thỏa mãn nhu cầu lưu trữ, Laptop Dell Latitude 7320 9PPWV được tích hợp bộ ram 16GB, cho phép bạn chạy nhiều ứng dụng cùng lúc không lo gián đoạn. Bạn có thể xử lý các tập tin đồ họa, video nhanh chóng, chơi game giải trí ổn định',0,0,1,'2023-07-16 00:00:00','2023-07-16 00:00:00'),(148,'Laptop ASUS Gaming TUF FX506LHB-HN188W','- Phù hợp cho lập trình viên, thiết kế đồ họa 2D, dân văn phòng\\n - Đa nhiệm mượt mà - Ram 8GB cho phép vừa mở trình duyệt để tra cứu thông tin, vừa làm việc trên phần mềm ',18690000,17000000,5,'https://cdn2.cellphones.com.vn/358x358,webp,q100/media/catalog/product/a/i/air_m2.png','- Macbook Air M1 là dòng sản phẩm có thiết kế mỏng nhẹ, sang trọng và tinh tế cùng với đó là giá thành phải chăng nên MacBook Air đã thu hút được đông đảo người dùng yêu thích và lựa chọn. Đây cũng là một trong những phiên bản Macbook Air mới nhất mà khách hàng không thể bỏ qua khi đến với CellphoneS. Dưới đây là chi tiết về thiết kế, cấu hình của máy. \\n\\n - Macbook Air 2020 M1 mới vẫn luôn tuân thủ triết lý thiết kế với những đường nét đơn nhưng vô cùng sang trọng. Máy có độ mỏng nhẹ chỉ 1,29kg và các cạnh tràn viền khiến thiết bị trở nên đẹp hơn và cao cấp hơn.',0,0,6,'2023-07-16 00:00:00','2023-07-16 00:00:00'),(149,'Apple MacBook Air M1 256GB 2020','- Phù hợp cho lập trình viên, thiết kế đồ họa 2D, dân văn phòng\\n - Đa nhiệm mượt mà - Ram 8GB cho phép vừa mở trình duyệt để tra cứu thông tin, vừa làm việc trên phần mềm ',18690000,17000000,5,'https://cdn2.cellphones.com.vn/358x358,webp,q100/media/catalog/product/a/i/air_m2.png','- Macbook Air M1 là dòng sản phẩm có thiết kế mỏng nhẹ, sang trọng và tinh tế cùng với đó là giá thành phải chăng nên MacBook Air đã thu hút được đông đảo người dùng yêu thích và lựa chọn. Đây cũng là một trong những phiên bản Macbook Air mới nhất mà khách hàng không thể bỏ qua khi đến với CellphoneS. Dưới đây là chi tiết về thiết kế, cấu hình của máy. \\n\\n - Macbook Air 2020 M1 mới vẫn luôn tuân thủ triết lý thiết kế với những đường nét đơn nhưng vô cùng sang trọng. Máy có độ mỏng nhẹ chỉ 1,29kg và các cạnh tràn viền khiến thiết bị trở nên đẹp hơn và cao cấp hơn.',0,0,1,'2023-07-13 00:00:00','2023-07-13 00:00:00'),(150,'Laptop ASUS Gaming TUF FX506LHB-HN188W','- Phù hợp cho lập trình viên, thiết kế đồ họa 2D, dân văn phòng\\n - Đa nhiệm mượt mà - Ram 8GB cho phép vừa mở trình duyệt để tra cứu thông tin, vừa làm việc trên phần mềm ',18690000,17000000,5,'https://cdn2.cellphones.com.vn/358x358,webp,q100/media/catalog/product/a/i/air_m2.png','- Macbook Air M1 là dòng sản phẩm có thiết kế mỏng nhẹ, sang trọng và tinh tế cùng với đó là giá thành phải chăng nên MacBook Air đã thu hút được đông đảo người dùng yêu thích và lựa chọn. Đây cũng là một trong những phiên bản Macbook Air mới nhất mà khách hàng không thể bỏ qua khi đến với CellphoneS. Dưới đây là chi tiết về thiết kế, cấu hình của máy. \\n\\n - Macbook Air 2020 M1 mới vẫn luôn tuân thủ triết lý thiết kế với những đường nét đơn nhưng vô cùng sang trọng. Máy có độ mỏng nhẹ chỉ 1,29kg và các cạnh tràn viền khiến thiết bị trở nên đẹp hơn và cao cấp hơn.',0,0,5,'2023-07-12 00:00:00','2023-07-12 00:00:00'),(151,'Laptop Lenovo Gaming Legion 5 15ARH7 82RE002VVN','- Phù hợp cho lập trình viên, thiết kế đồ họa 2D, dân văn phòng\\n - Đa nhiệm mượt mà - Ram 8GB cho phép vừa mở trình duyệt để tra cứu thông tin, vừa làm việc trên phần mềm ',18690000,17000000,5,'https://cdn2.cellphones.com.vn/358x358,webp,q100/media/catalog/product/a/i/air_m2.png','- Macbook Air M1 là dòng sản phẩm có thiết kế mỏng nhẹ, sang trọng và tinh tế cùng với đó là giá thành phải chăng nên MacBook Air đã thu hút được đông đảo người dùng yêu thích và lựa chọn. Đây cũng là một trong những phiên bản Macbook Air mới nhất mà khách hàng không thể bỏ qua khi đến với CellphoneS. Dưới đây là chi tiết về thiết kế, cấu hình của máy. \\n\\n - Macbook Air 2020 M1 mới vẫn luôn tuân thủ triết lý thiết kế với những đường nét đơn nhưng vô cùng sang trọng. Máy có độ mỏng nhẹ chỉ 1,29kg và các cạnh tràn viền khiến thiết bị trở nên đẹp hơn và cao cấp hơn.',0,0,2,'2023-07-14 00:00:00','2023-07-14 00:00:00'),(152,'Apple MacBook Air M1 256GB 2020','- Phù hợp cho lập trình viên, thiết kế đồ họa 2D, dân văn phòng\\n - Đa nhiệm mượt mà - Ram 8GB cho phép vừa mở trình duyệt để tra cứu thông tin, vừa làm việc trên phần mềm ',18690000,17000000,5,'https://cdn2.cellphones.com.vn/358x358,webp,q100/media/catalog/product/a/i/air_m2.png','- Macbook Air M1 là dòng sản phẩm có thiết kế mỏng nhẹ, sang trọng và tinh tế cùng với đó là giá thành phải chăng nên MacBook Air đã thu hút được đông đảo người dùng yêu thích và lựa chọn. Đây cũng là một trong những phiên bản Macbook Air mới nhất mà khách hàng không thể bỏ qua khi đến với CellphoneS. Dưới đây là chi tiết về thiết kế, cấu hình của máy. \\n\\n - Macbook Air 2020 M1 mới vẫn luôn tuân thủ triết lý thiết kế với những đường nét đơn nhưng vô cùng sang trọng. Máy có độ mỏng nhẹ chỉ 1,29kg và các cạnh tràn viền khiến thiết bị trở nên đẹp hơn và cao cấp hơn.',0,0,3,'2023-07-16 00:00:00','2023-07-16 00:00:00'),(153,'Laptop ASUS Gaming TUF FX506LHB-HN188W','R5-6600H/8GB/512GB PCIE/15.6 FHD 165HZ/VGA 4GB RTX3050/WIN11/XÁM ',18690000,17000000,5,'https://cdn2.cellphones.com.vn/358x358,webp,q100/media/catalog/product/a/i/air_m2.png','- Macbook Air M1 là dòng sản phẩm có thiết kế mỏng nhẹ, sang trọng và tinh tế cùng với đó là giá thành phải chăng nên MacBook Air đã thu hút được đông đảo người dùng yêu thích và lựa chọn. Đây cũng là một trong những phiên bản Macbook Air mới nhất mà khách hàng không thể bỏ qua khi đến với CellphoneS. Dưới đây là chi tiết về thiết kế, cấu hình của máy. \\n\\n - Macbook Air 2020 M1 mới vẫn luôn tuân thủ triết lý thiết kế với những đường nét đơn nhưng vô cùng sang trọng. Máy có độ mỏng nhẹ chỉ 1,29kg và các cạnh tràn viền khiến thiết bị trở nên đẹp hơn và cao cấp hơn.',0,0,6,'2023-07-16 00:00:00','2023-07-16 00:00:00'),(154,'Laptop Lenovo Gaming Legion 5 15ARH7 82RE002VVN','R5-6600H/8GB/512GB PCIE/15.6 FHD 165HZ/VGA 4GB RTX3050/WIN11/XÁM',18690000,17000000,5,'https://cdn2.cellphones.com.vn/358x358,webp,q100/media/catalog/product/a/i/air_m2.png','- Macbook Air M1 là dòng sản phẩm có thiết kế mỏng nhẹ, sang trọng và tinh tế cùng với đó là giá thành phải chăng nên MacBook Air đã thu hút được đông đảo người dùng yêu thích và lựa chọn. Đây cũng là một trong những phiên bản Macbook Air mới nhất mà khách hàng không thể bỏ qua khi đến với CellphoneS. Dưới đây là chi tiết về thiết kế, cấu hình của máy. \\n\\n - Macbook Air 2020 M1 mới vẫn luôn tuân thủ triết lý thiết kế với những đường nét đơn nhưng vô cùng sang trọng. Máy có độ mỏng nhẹ chỉ 1,29kg và các cạnh tràn viền khiến thiết bị trở nên đẹp hơn và cao cấp hơn.',0,0,6,'2023-07-16 00:00:00','2023-07-16 00:00:00'),(155,'Laptop gaming MSI GF63 Thin 11SC 664VN','I5-11400H/8GB/512GB PCIE/VGA 4GB GTX1650/15.6 FHD 144HZ/WIN11/ĐEN',14000000,13000000,6,'https://cdn2.cellphones.com.vn/x358,webp,q100/media/catalog/product/t/e/text_ng_n_21_.png','- Laptop MSI Gaming GF63 Thin 11SC-664VN là sản phẩm thuộc phân khúc giá tầm trung, phù hợp với những game thủ.\n Đây là dòng laptop có vẻ ngoài nhỏ gọn nhưng vẫn mang đậm phong cách gaming.Vẻ ngoài thanh mảnh nhưng vẫn đậm chất gaming: Nhìn chung, chiếc laptop mang một vẻ ngoài khá thon gọn, tổng bề dày chỉ 21,7 mm và có khối lượng khoảng 1,86kg. Tuy nhiên vì là dòng máy gaming nên ở phần giữa của nắp máy được in chìm logo rồng đỏ quen thuộc nhằm tạo điểm nhấn. Đặc biệt hơn, phần thông gió ở phía dưới được in ẩn hình chữ X khá độc đáo.\n - Dòng Laptop MSI Gaming GF63 Thin 11SC-664VN được trang bị bộ vi xử lý Intel Core thế hệ thứ 11 giúp tăng hiệu suất làm việc lên 15% so với các dòng máy thế hệ trước.',0,0,4,'2023-07-15 00:00:00','2023-07-15 00:00:00'),(156,'Laptop Dell Latidude 7320 9PPWV','- I5-1145G7/16GB/256GB PCIE/13.3 FHD/WIN11 PRO/NHẬP KHẨU CHÍNH HÃN',16600000,15000000,10,'https://cdn2.cellphones.com.vn/358x358,webp,q100/media/catalog/product/l/a/laptop-dell-latitude-7320-9ppwv.png','- Laptop Dell Latitude 7320 9PPWV là chiếc laptop được thiết kế chuyên nghiệp để xử lý các tác vụ văn phòng, duyệt web, email,...Màn hình 13.3 inch tiện lợi cho di chuyển, bộ vi xử lý Intel Core i5 siêu mạnh mẽ là những điểm mạnh của chiếc laptop này. Cụ thể hơn hãy xem đoạn mô tả sau đây để nắm được ưu thế khi chọn mua laptop Dell Latitude nhé.Ram lớn, thỏa mãn nhu cầu lưu trữ, Laptop Dell Latitude 7320 9PPWV được tích hợp bộ ram 16GB, cho phép bạn chạy nhiều ứng dụng cùng lúc không lo gián đoạn. Bạn có thể xử lý các tập tin đồ họa, video nhanh chóng, chơi game giải trí ổn định',0,0,1,'2023-07-16 00:00:00','2023-07-16 00:00:00'),(157,'Laptop ASUS Gaming TUF FX506LHB-HN188W','- Phù hợp cho lập trình viên, thiết kế đồ họa 2D, dân văn phòng\\n - Đa nhiệm mượt mà - Ram 8GB cho phép vừa mở trình duyệt để tra cứu thông tin, vừa làm việc trên phần mềm ',18690000,17000000,5,'https://cdn2.cellphones.com.vn/358x358,webp,q100/media/catalog/product/a/i/air_m2.png','- Macbook Air M1 là dòng sản phẩm có thiết kế mỏng nhẹ, sang trọng và tinh tế cùng với đó là giá thành phải chăng nên MacBook Air đã thu hút được đông đảo người dùng yêu thích và lựa chọn. Đây cũng là một trong những phiên bản Macbook Air mới nhất mà khách hàng không thể bỏ qua khi đến với CellphoneS. Dưới đây là chi tiết về thiết kế, cấu hình của máy. \\n\\n - Macbook Air 2020 M1 mới vẫn luôn tuân thủ triết lý thiết kế với những đường nét đơn nhưng vô cùng sang trọng. Máy có độ mỏng nhẹ chỉ 1,29kg và các cạnh tràn viền khiến thiết bị trở nên đẹp hơn và cao cấp hơn.',0,0,6,'2023-07-16 00:00:00','2023-07-16 00:00:00'),(158,'Apple MacBook Air M1 256GB 2020','- Phù hợp cho lập trình viên, thiết kế đồ họa 2D, dân văn phòng\\n - Đa nhiệm mượt mà - Ram 8GB cho phép vừa mở trình duyệt để tra cứu thông tin, vừa làm việc trên phần mềm ',18690000,17000000,5,'https://cdn2.cellphones.com.vn/358x358,webp,q100/media/catalog/product/a/i/air_m2.png','- Macbook Air M1 là dòng sản phẩm có thiết kế mỏng nhẹ, sang trọng và tinh tế cùng với đó là giá thành phải chăng nên MacBook Air đã thu hút được đông đảo người dùng yêu thích và lựa chọn. Đây cũng là một trong những phiên bản Macbook Air mới nhất mà khách hàng không thể bỏ qua khi đến với CellphoneS. Dưới đây là chi tiết về thiết kế, cấu hình của máy. \\n\\n - Macbook Air 2020 M1 mới vẫn luôn tuân thủ triết lý thiết kế với những đường nét đơn nhưng vô cùng sang trọng. Máy có độ mỏng nhẹ chỉ 1,29kg và các cạnh tràn viền khiến thiết bị trở nên đẹp hơn và cao cấp hơn.',0,0,1,'2023-07-13 00:00:00','2023-07-13 00:00:00'),(159,'Laptop ASUS Gaming TUF FX506LHB-HN188W','- Phù hợp cho lập trình viên, thiết kế đồ họa 2D, dân văn phòng\\n - Đa nhiệm mượt mà - Ram 8GB cho phép vừa mở trình duyệt để tra cứu thông tin, vừa làm việc trên phần mềm ',18690000,17000000,5,'https://cdn2.cellphones.com.vn/358x358,webp,q100/media/catalog/product/a/i/air_m2.png','- Macbook Air M1 là dòng sản phẩm có thiết kế mỏng nhẹ, sang trọng và tinh tế cùng với đó là giá thành phải chăng nên MacBook Air đã thu hút được đông đảo người dùng yêu thích và lựa chọn. Đây cũng là một trong những phiên bản Macbook Air mới nhất mà khách hàng không thể bỏ qua khi đến với CellphoneS. Dưới đây là chi tiết về thiết kế, cấu hình của máy. \\n\\n - Macbook Air 2020 M1 mới vẫn luôn tuân thủ triết lý thiết kế với những đường nét đơn nhưng vô cùng sang trọng. Máy có độ mỏng nhẹ chỉ 1,29kg và các cạnh tràn viền khiến thiết bị trở nên đẹp hơn và cao cấp hơn.',0,0,5,'2023-07-12 00:00:00','2023-07-12 00:00:00'),(160,'Laptop Lenovo Gaming Legion 5 15ARH7 82RE002VVN','- Phù hợp cho lập trình viên, thiết kế đồ họa 2D, dân văn phòng\\n - Đa nhiệm mượt mà - Ram 8GB cho phép vừa mở trình duyệt để tra cứu thông tin, vừa làm việc trên phần mềm ',18690000,17000000,5,'https://cdn2.cellphones.com.vn/358x358,webp,q100/media/catalog/product/a/i/air_m2.png','- Macbook Air M1 là dòng sản phẩm có thiết kế mỏng nhẹ, sang trọng và tinh tế cùng với đó là giá thành phải chăng nên MacBook Air đã thu hút được đông đảo người dùng yêu thích và lựa chọn. Đây cũng là một trong những phiên bản Macbook Air mới nhất mà khách hàng không thể bỏ qua khi đến với CellphoneS. Dưới đây là chi tiết về thiết kế, cấu hình của máy. \\n\\n - Macbook Air 2020 M1 mới vẫn luôn tuân thủ triết lý thiết kế với những đường nét đơn nhưng vô cùng sang trọng. Máy có độ mỏng nhẹ chỉ 1,29kg và các cạnh tràn viền khiến thiết bị trở nên đẹp hơn và cao cấp hơn.',0,0,2,'2023-07-14 00:00:00','2023-07-14 00:00:00'),(161,'Apple MacBook Air M1 256GB 2020','- Phù hợp cho lập trình viên, thiết kế đồ họa 2D, dân văn phòng\\n - Đa nhiệm mượt mà - Ram 8GB cho phép vừa mở trình duyệt để tra cứu thông tin, vừa làm việc trên phần mềm ',18690000,17000000,5,'https://cdn2.cellphones.com.vn/358x358,webp,q100/media/catalog/product/a/i/air_m2.png','- Macbook Air M1 là dòng sản phẩm có thiết kế mỏng nhẹ, sang trọng và tinh tế cùng với đó là giá thành phải chăng nên MacBook Air đã thu hút được đông đảo người dùng yêu thích và lựa chọn. Đây cũng là một trong những phiên bản Macbook Air mới nhất mà khách hàng không thể bỏ qua khi đến với CellphoneS. Dưới đây là chi tiết về thiết kế, cấu hình của máy. \\n\\n - Macbook Air 2020 M1 mới vẫn luôn tuân thủ triết lý thiết kế với những đường nét đơn nhưng vô cùng sang trọng. Máy có độ mỏng nhẹ chỉ 1,29kg và các cạnh tràn viền khiến thiết bị trở nên đẹp hơn và cao cấp hơn.',0,0,3,'2023-07-16 00:00:00','2023-07-16 00:00:00'),(162,'Laptop ASUS Gaming TUF FX506LHB-HN188W','R5-6600H/8GB/512GB PCIE/15.6 FHD 165HZ/VGA 4GB RTX3050/WIN11/XÁM ',18690000,17000000,5,'https://cdn2.cellphones.com.vn/358x358,webp,q100/media/catalog/product/a/i/air_m2.png','- Macbook Air M1 là dòng sản phẩm có thiết kế mỏng nhẹ, sang trọng và tinh tế cùng với đó là giá thành phải chăng nên MacBook Air đã thu hút được đông đảo người dùng yêu thích và lựa chọn. Đây cũng là một trong những phiên bản Macbook Air mới nhất mà khách hàng không thể bỏ qua khi đến với CellphoneS. Dưới đây là chi tiết về thiết kế, cấu hình của máy. \\n\\n - Macbook Air 2020 M1 mới vẫn luôn tuân thủ triết lý thiết kế với những đường nét đơn nhưng vô cùng sang trọng. Máy có độ mỏng nhẹ chỉ 1,29kg và các cạnh tràn viền khiến thiết bị trở nên đẹp hơn và cao cấp hơn.',0,0,6,'2023-07-16 00:00:00','2023-07-16 00:00:00'),(163,'Laptop Lenovo Gaming Legion 5 15ARH7 82RE002VVN','R5-6600H/8GB/512GB PCIE/15.6 FHD 165HZ/VGA 4GB RTX3050/WIN11/XÁM',18690000,17000000,5,'https://cdn2.cellphones.com.vn/358x358,webp,q100/media/catalog/product/a/i/air_m2.png','- Macbook Air M1 là dòng sản phẩm có thiết kế mỏng nhẹ, sang trọng và tinh tế cùng với đó là giá thành phải chăng nên MacBook Air đã thu hút được đông đảo người dùng yêu thích và lựa chọn. Đây cũng là một trong những phiên bản Macbook Air mới nhất mà khách hàng không thể bỏ qua khi đến với CellphoneS. Dưới đây là chi tiết về thiết kế, cấu hình của máy. \\n\\n - Macbook Air 2020 M1 mới vẫn luôn tuân thủ triết lý thiết kế với những đường nét đơn nhưng vô cùng sang trọng. Máy có độ mỏng nhẹ chỉ 1,29kg và các cạnh tràn viền khiến thiết bị trở nên đẹp hơn và cao cấp hơn.',0,0,6,'2023-07-16 00:00:00','2023-07-16 00:00:00'),(164,'Laptop gaming MSI GF63 Thin 11SC 664VN','I5-11400H/8GB/512GB PCIE/VGA 4GB GTX1650/15.6 FHD 144HZ/WIN11/ĐEN',14000000,13000000,6,'https://cdn2.cellphones.com.vn/x358,webp,q100/media/catalog/product/t/e/text_ng_n_21_.png','- Laptop MSI Gaming GF63 Thin 11SC-664VN là sản phẩm thuộc phân khúc giá tầm trung, phù hợp với những game thủ.\n Đây là dòng laptop có vẻ ngoài nhỏ gọn nhưng vẫn mang đậm phong cách gaming.Vẻ ngoài thanh mảnh nhưng vẫn đậm chất gaming: Nhìn chung, chiếc laptop mang một vẻ ngoài khá thon gọn, tổng bề dày chỉ 21,7 mm và có khối lượng khoảng 1,86kg. Tuy nhiên vì là dòng máy gaming nên ở phần giữa của nắp máy được in chìm logo rồng đỏ quen thuộc nhằm tạo điểm nhấn. Đặc biệt hơn, phần thông gió ở phía dưới được in ẩn hình chữ X khá độc đáo.\n - Dòng Laptop MSI Gaming GF63 Thin 11SC-664VN được trang bị bộ vi xử lý Intel Core thế hệ thứ 11 giúp tăng hiệu suất làm việc lên 15% so với các dòng máy thế hệ trước.',0,0,4,'2023-07-15 00:00:00','2023-07-15 00:00:00'),(165,'Laptop Dell Latidude 7320 9PPWV','- I5-1145G7/16GB/256GB PCIE/13.3 FHD/WIN11 PRO/NHẬP KHẨU CHÍNH HÃN',16600000,15000000,10,'https://cdn2.cellphones.com.vn/358x358,webp,q100/media/catalog/product/l/a/laptop-dell-latitude-7320-9ppwv.png','- Laptop Dell Latitude 7320 9PPWV là chiếc laptop được thiết kế chuyên nghiệp để xử lý các tác vụ văn phòng, duyệt web, email,...Màn hình 13.3 inch tiện lợi cho di chuyển, bộ vi xử lý Intel Core i5 siêu mạnh mẽ là những điểm mạnh của chiếc laptop này. Cụ thể hơn hãy xem đoạn mô tả sau đây để nắm được ưu thế khi chọn mua laptop Dell Latitude nhé.Ram lớn, thỏa mãn nhu cầu lưu trữ, Laptop Dell Latitude 7320 9PPWV được tích hợp bộ ram 16GB, cho phép bạn chạy nhiều ứng dụng cùng lúc không lo gián đoạn. Bạn có thể xử lý các tập tin đồ họa, video nhanh chóng, chơi game giải trí ổn định',0,0,1,'2023-07-16 00:00:00','2023-07-16 00:00:00'),(166,'Laptop ASUS Gaming TUF FX506LHB-HN188W','- Phù hợp cho lập trình viên, thiết kế đồ họa 2D, dân văn phòng\\n - Đa nhiệm mượt mà - Ram 8GB cho phép vừa mở trình duyệt để tra cứu thông tin, vừa làm việc trên phần mềm ',18690000,17000000,5,'https://cdn2.cellphones.com.vn/358x358,webp,q100/media/catalog/product/a/i/air_m2.png','- Macbook Air M1 là dòng sản phẩm có thiết kế mỏng nhẹ, sang trọng và tinh tế cùng với đó là giá thành phải chăng nên MacBook Air đã thu hút được đông đảo người dùng yêu thích và lựa chọn. Đây cũng là một trong những phiên bản Macbook Air mới nhất mà khách hàng không thể bỏ qua khi đến với CellphoneS. Dưới đây là chi tiết về thiết kế, cấu hình của máy. \\n\\n - Macbook Air 2020 M1 mới vẫn luôn tuân thủ triết lý thiết kế với những đường nét đơn nhưng vô cùng sang trọng. Máy có độ mỏng nhẹ chỉ 1,29kg và các cạnh tràn viền khiến thiết bị trở nên đẹp hơn và cao cấp hơn.',0,0,6,'2023-07-16 00:00:00','2023-07-16 00:00:00'),(167,'Apple MacBook Air M1 256GB 2020','- Phù hợp cho lập trình viên, thiết kế đồ họa 2D, dân văn phòng\\n - Đa nhiệm mượt mà - Ram 8GB cho phép vừa mở trình duyệt để tra cứu thông tin, vừa làm việc trên phần mềm ',18690000,17000000,5,'https://cdn2.cellphones.com.vn/358x358,webp,q100/media/catalog/product/a/i/air_m2.png','- Macbook Air M1 là dòng sản phẩm có thiết kế mỏng nhẹ, sang trọng và tinh tế cùng với đó là giá thành phải chăng nên MacBook Air đã thu hút được đông đảo người dùng yêu thích và lựa chọn. Đây cũng là một trong những phiên bản Macbook Air mới nhất mà khách hàng không thể bỏ qua khi đến với CellphoneS. Dưới đây là chi tiết về thiết kế, cấu hình của máy. \\n\\n - Macbook Air 2020 M1 mới vẫn luôn tuân thủ triết lý thiết kế với những đường nét đơn nhưng vô cùng sang trọng. Máy có độ mỏng nhẹ chỉ 1,29kg và các cạnh tràn viền khiến thiết bị trở nên đẹp hơn và cao cấp hơn.',0,0,1,'2023-07-13 00:00:00','2023-07-13 00:00:00'),(168,'Laptop ASUS Gaming TUF FX506LHB-HN188W','- Phù hợp cho lập trình viên, thiết kế đồ họa 2D, dân văn phòng\\n - Đa nhiệm mượt mà - Ram 8GB cho phép vừa mở trình duyệt để tra cứu thông tin, vừa làm việc trên phần mềm ',18690000,17000000,5,'https://cdn2.cellphones.com.vn/358x358,webp,q100/media/catalog/product/a/i/air_m2.png','- Macbook Air M1 là dòng sản phẩm có thiết kế mỏng nhẹ, sang trọng và tinh tế cùng với đó là giá thành phải chăng nên MacBook Air đã thu hút được đông đảo người dùng yêu thích và lựa chọn. Đây cũng là một trong những phiên bản Macbook Air mới nhất mà khách hàng không thể bỏ qua khi đến với CellphoneS. Dưới đây là chi tiết về thiết kế, cấu hình của máy. \\n\\n - Macbook Air 2020 M1 mới vẫn luôn tuân thủ triết lý thiết kế với những đường nét đơn nhưng vô cùng sang trọng. Máy có độ mỏng nhẹ chỉ 1,29kg và các cạnh tràn viền khiến thiết bị trở nên đẹp hơn và cao cấp hơn.',0,0,5,'2023-07-12 00:00:00','2023-07-12 00:00:00'),(169,'Laptop Lenovo Gaming Legion 5 15ARH7 82RE002VVN','- Phù hợp cho lập trình viên, thiết kế đồ họa 2D, dân văn phòng\\n - Đa nhiệm mượt mà - Ram 8GB cho phép vừa mở trình duyệt để tra cứu thông tin, vừa làm việc trên phần mềm ',18690000,17000000,5,'https://cdn2.cellphones.com.vn/358x358,webp,q100/media/catalog/product/a/i/air_m2.png','- Macbook Air M1 là dòng sản phẩm có thiết kế mỏng nhẹ, sang trọng và tinh tế cùng với đó là giá thành phải chăng nên MacBook Air đã thu hút được đông đảo người dùng yêu thích và lựa chọn. Đây cũng là một trong những phiên bản Macbook Air mới nhất mà khách hàng không thể bỏ qua khi đến với CellphoneS. Dưới đây là chi tiết về thiết kế, cấu hình của máy. \\n\\n - Macbook Air 2020 M1 mới vẫn luôn tuân thủ triết lý thiết kế với những đường nét đơn nhưng vô cùng sang trọng. Máy có độ mỏng nhẹ chỉ 1,29kg và các cạnh tràn viền khiến thiết bị trở nên đẹp hơn và cao cấp hơn.',0,0,2,'2023-07-14 00:00:00','2023-07-14 00:00:00'),(170,'Apple MacBook Air M1 256GB 2020','- Phù hợp cho lập trình viên, thiết kế đồ họa 2D, dân văn phòng\\n - Đa nhiệm mượt mà - Ram 8GB cho phép vừa mở trình duyệt để tra cứu thông tin, vừa làm việc trên phần mềm ',18690000,17000000,5,'https://cdn2.cellphones.com.vn/358x358,webp,q100/media/catalog/product/a/i/air_m2.png','- Macbook Air M1 là dòng sản phẩm có thiết kế mỏng nhẹ, sang trọng và tinh tế cùng với đó là giá thành phải chăng nên MacBook Air đã thu hút được đông đảo người dùng yêu thích và lựa chọn. Đây cũng là một trong những phiên bản Macbook Air mới nhất mà khách hàng không thể bỏ qua khi đến với CellphoneS. Dưới đây là chi tiết về thiết kế, cấu hình của máy. \\n\\n - Macbook Air 2020 M1 mới vẫn luôn tuân thủ triết lý thiết kế với những đường nét đơn nhưng vô cùng sang trọng. Máy có độ mỏng nhẹ chỉ 1,29kg và các cạnh tràn viền khiến thiết bị trở nên đẹp hơn và cao cấp hơn.',0,0,3,'2023-07-16 00:00:00','2023-07-16 00:00:00'),(171,'Laptop ASUS Gaming TUF FX506LHB-HN188W','R5-6600H/8GB/512GB PCIE/15.6 FHD 165HZ/VGA 4GB RTX3050/WIN11/XÁM ',18690000,17000000,5,'https://cdn2.cellphones.com.vn/358x358,webp,q100/media/catalog/product/a/i/air_m2.png','- Macbook Air M1 là dòng sản phẩm có thiết kế mỏng nhẹ, sang trọng và tinh tế cùng với đó là giá thành phải chăng nên MacBook Air đã thu hút được đông đảo người dùng yêu thích và lựa chọn. Đây cũng là một trong những phiên bản Macbook Air mới nhất mà khách hàng không thể bỏ qua khi đến với CellphoneS. Dưới đây là chi tiết về thiết kế, cấu hình của máy. \\n\\n - Macbook Air 2020 M1 mới vẫn luôn tuân thủ triết lý thiết kế với những đường nét đơn nhưng vô cùng sang trọng. Máy có độ mỏng nhẹ chỉ 1,29kg và các cạnh tràn viền khiến thiết bị trở nên đẹp hơn và cao cấp hơn.',0,0,6,'2023-07-16 00:00:00','2023-07-16 00:00:00'),(172,'Laptop Lenovo Gaming Legion 5 15ARH7 82RE002VVN','R5-6600H/8GB/512GB PCIE/15.6 FHD 165HZ/VGA 4GB RTX3050/WIN11/XÁM',18690000,17000000,5,'https://cdn2.cellphones.com.vn/358x358,webp,q100/media/catalog/product/a/i/air_m2.png','- Macbook Air M1 là dòng sản phẩm có thiết kế mỏng nhẹ, sang trọng và tinh tế cùng với đó là giá thành phải chăng nên MacBook Air đã thu hút được đông đảo người dùng yêu thích và lựa chọn. Đây cũng là một trong những phiên bản Macbook Air mới nhất mà khách hàng không thể bỏ qua khi đến với CellphoneS. Dưới đây là chi tiết về thiết kế, cấu hình của máy. \\n\\n - Macbook Air 2020 M1 mới vẫn luôn tuân thủ triết lý thiết kế với những đường nét đơn nhưng vô cùng sang trọng. Máy có độ mỏng nhẹ chỉ 1,29kg và các cạnh tràn viền khiến thiết bị trở nên đẹp hơn và cao cấp hơn.',0,0,6,'2023-07-16 00:00:00','2023-07-16 00:00:00'),(173,'Laptop gaming MSI GF63 Thin 11SC 664VN','I5-11400H/8GB/512GB PCIE/VGA 4GB GTX1650/15.6 FHD 144HZ/WIN11/ĐEN',14000000,13000000,6,'https://cdn2.cellphones.com.vn/x358,webp,q100/media/catalog/product/t/e/text_ng_n_21_.png','- Laptop MSI Gaming GF63 Thin 11SC-664VN là sản phẩm thuộc phân khúc giá tầm trung, phù hợp với những game thủ.\n Đây là dòng laptop có vẻ ngoài nhỏ gọn nhưng vẫn mang đậm phong cách gaming.Vẻ ngoài thanh mảnh nhưng vẫn đậm chất gaming: Nhìn chung, chiếc laptop mang một vẻ ngoài khá thon gọn, tổng bề dày chỉ 21,7 mm và có khối lượng khoảng 1,86kg. Tuy nhiên vì là dòng máy gaming nên ở phần giữa của nắp máy được in chìm logo rồng đỏ quen thuộc nhằm tạo điểm nhấn. Đặc biệt hơn, phần thông gió ở phía dưới được in ẩn hình chữ X khá độc đáo.\n - Dòng Laptop MSI Gaming GF63 Thin 11SC-664VN được trang bị bộ vi xử lý Intel Core thế hệ thứ 11 giúp tăng hiệu suất làm việc lên 15% so với các dòng máy thế hệ trước.',0,0,4,'2023-07-15 00:00:00','2023-07-15 00:00:00'),(174,'Laptop Dell Latidude 7320 9PPWV','- I5-1145G7/16GB/256GB PCIE/13.3 FHD/WIN11 PRO/NHẬP KHẨU CHÍNH HÃN',16600000,15000000,10,'https://cdn2.cellphones.com.vn/358x358,webp,q100/media/catalog/product/l/a/laptop-dell-latitude-7320-9ppwv.png','- Laptop Dell Latitude 7320 9PPWV là chiếc laptop được thiết kế chuyên nghiệp để xử lý các tác vụ văn phòng, duyệt web, email,...Màn hình 13.3 inch tiện lợi cho di chuyển, bộ vi xử lý Intel Core i5 siêu mạnh mẽ là những điểm mạnh của chiếc laptop này. Cụ thể hơn hãy xem đoạn mô tả sau đây để nắm được ưu thế khi chọn mua laptop Dell Latitude nhé.Ram lớn, thỏa mãn nhu cầu lưu trữ, Laptop Dell Latitude 7320 9PPWV được tích hợp bộ ram 16GB, cho phép bạn chạy nhiều ứng dụng cùng lúc không lo gián đoạn. Bạn có thể xử lý các tập tin đồ họa, video nhanh chóng, chơi game giải trí ổn định',0,0,1,'2023-07-16 00:00:00','2023-07-16 00:00:00'),(175,'Laptop ASUS Gaming TUF FX506LHB-HN188W','- Phù hợp cho lập trình viên, thiết kế đồ họa 2D, dân văn phòng\\n - Đa nhiệm mượt mà - Ram 8GB cho phép vừa mở trình duyệt để tra cứu thông tin, vừa làm việc trên phần mềm ',18690000,17000000,5,'https://cdn2.cellphones.com.vn/358x358,webp,q100/media/catalog/product/a/i/air_m2.png','- Macbook Air M1 là dòng sản phẩm có thiết kế mỏng nhẹ, sang trọng và tinh tế cùng với đó là giá thành phải chăng nên MacBook Air đã thu hút được đông đảo người dùng yêu thích và lựa chọn. Đây cũng là một trong những phiên bản Macbook Air mới nhất mà khách hàng không thể bỏ qua khi đến với CellphoneS. Dưới đây là chi tiết về thiết kế, cấu hình của máy. \\n\\n - Macbook Air 2020 M1 mới vẫn luôn tuân thủ triết lý thiết kế với những đường nét đơn nhưng vô cùng sang trọng. Máy có độ mỏng nhẹ chỉ 1,29kg và các cạnh tràn viền khiến thiết bị trở nên đẹp hơn và cao cấp hơn.',0,0,6,'2023-07-16 00:00:00','2023-07-16 00:00:00'),(176,'Apple MacBook Air M1 256GB 2020','- Phù hợp cho lập trình viên, thiết kế đồ họa 2D, dân văn phòng\\n - Đa nhiệm mượt mà - Ram 8GB cho phép vừa mở trình duyệt để tra cứu thông tin, vừa làm việc trên phần mềm ',18690000,17000000,5,'https://cdn2.cellphones.com.vn/358x358,webp,q100/media/catalog/product/a/i/air_m2.png','- Macbook Air M1 là dòng sản phẩm có thiết kế mỏng nhẹ, sang trọng và tinh tế cùng với đó là giá thành phải chăng nên MacBook Air đã thu hút được đông đảo người dùng yêu thích và lựa chọn. Đây cũng là một trong những phiên bản Macbook Air mới nhất mà khách hàng không thể bỏ qua khi đến với CellphoneS. Dưới đây là chi tiết về thiết kế, cấu hình của máy. \\n\\n - Macbook Air 2020 M1 mới vẫn luôn tuân thủ triết lý thiết kế với những đường nét đơn nhưng vô cùng sang trọng. Máy có độ mỏng nhẹ chỉ 1,29kg và các cạnh tràn viền khiến thiết bị trở nên đẹp hơn và cao cấp hơn.',0,0,1,'2023-07-13 00:00:00','2023-07-13 00:00:00'),(177,'Laptop ASUS Gaming TUF FX506LHB-HN188W','- Phù hợp cho lập trình viên, thiết kế đồ họa 2D, dân văn phòng\\n - Đa nhiệm mượt mà - Ram 8GB cho phép vừa mở trình duyệt để tra cứu thông tin, vừa làm việc trên phần mềm ',18690000,17000000,5,'https://cdn2.cellphones.com.vn/358x358,webp,q100/media/catalog/product/a/i/air_m2.png','- Macbook Air M1 là dòng sản phẩm có thiết kế mỏng nhẹ, sang trọng và tinh tế cùng với đó là giá thành phải chăng nên MacBook Air đã thu hút được đông đảo người dùng yêu thích và lựa chọn. Đây cũng là một trong những phiên bản Macbook Air mới nhất mà khách hàng không thể bỏ qua khi đến với CellphoneS. Dưới đây là chi tiết về thiết kế, cấu hình của máy. \\n\\n - Macbook Air 2020 M1 mới vẫn luôn tuân thủ triết lý thiết kế với những đường nét đơn nhưng vô cùng sang trọng. Máy có độ mỏng nhẹ chỉ 1,29kg và các cạnh tràn viền khiến thiết bị trở nên đẹp hơn và cao cấp hơn.',0,0,5,'2023-07-12 00:00:00','2023-07-12 00:00:00'),(178,'Laptop Lenovo Gaming Legion 5 15ARH7 82RE002VVN','- Phù hợp cho lập trình viên, thiết kế đồ họa 2D, dân văn phòng\\n - Đa nhiệm mượt mà - Ram 8GB cho phép vừa mở trình duyệt để tra cứu thông tin, vừa làm việc trên phần mềm ',18690000,17000000,5,'https://cdn2.cellphones.com.vn/358x358,webp,q100/media/catalog/product/a/i/air_m2.png','- Macbook Air M1 là dòng sản phẩm có thiết kế mỏng nhẹ, sang trọng và tinh tế cùng với đó là giá thành phải chăng nên MacBook Air đã thu hút được đông đảo người dùng yêu thích và lựa chọn. Đây cũng là một trong những phiên bản Macbook Air mới nhất mà khách hàng không thể bỏ qua khi đến với CellphoneS. Dưới đây là chi tiết về thiết kế, cấu hình của máy. \\n\\n - Macbook Air 2020 M1 mới vẫn luôn tuân thủ triết lý thiết kế với những đường nét đơn nhưng vô cùng sang trọng. Máy có độ mỏng nhẹ chỉ 1,29kg và các cạnh tràn viền khiến thiết bị trở nên đẹp hơn và cao cấp hơn.',0,0,2,'2023-07-14 00:00:00','2023-07-14 00:00:00'),(179,'Apple MacBook Air M1 256GB 2020','- Phù hợp cho lập trình viên, thiết kế đồ họa 2D, dân văn phòng\\n - Đa nhiệm mượt mà - Ram 8GB cho phép vừa mở trình duyệt để tra cứu thông tin, vừa làm việc trên phần mềm ',18690000,17000000,5,'https://cdn2.cellphones.com.vn/358x358,webp,q100/media/catalog/product/a/i/air_m2.png','- Macbook Air M1 là dòng sản phẩm có thiết kế mỏng nhẹ, sang trọng và tinh tế cùng với đó là giá thành phải chăng nên MacBook Air đã thu hút được đông đảo người dùng yêu thích và lựa chọn. Đây cũng là một trong những phiên bản Macbook Air mới nhất mà khách hàng không thể bỏ qua khi đến với CellphoneS. Dưới đây là chi tiết về thiết kế, cấu hình của máy. \\n\\n - Macbook Air 2020 M1 mới vẫn luôn tuân thủ triết lý thiết kế với những đường nét đơn nhưng vô cùng sang trọng. Máy có độ mỏng nhẹ chỉ 1,29kg và các cạnh tràn viền khiến thiết bị trở nên đẹp hơn và cao cấp hơn.',0,0,3,'2023-07-16 00:00:00','2023-07-16 00:00:00'),(180,'Laptop ASUS Gaming TUF FX506LHB-HN188W','R5-6600H/8GB/512GB PCIE/15.6 FHD 165HZ/VGA 4GB RTX3050/WIN11/XÁM ',18690000,17000000,5,'https://cdn2.cellphones.com.vn/358x358,webp,q100/media/catalog/product/a/i/air_m2.png','- Macbook Air M1 là dòng sản phẩm có thiết kế mỏng nhẹ, sang trọng và tinh tế cùng với đó là giá thành phải chăng nên MacBook Air đã thu hút được đông đảo người dùng yêu thích và lựa chọn. Đây cũng là một trong những phiên bản Macbook Air mới nhất mà khách hàng không thể bỏ qua khi đến với CellphoneS. Dưới đây là chi tiết về thiết kế, cấu hình của máy. \\n\\n - Macbook Air 2020 M1 mới vẫn luôn tuân thủ triết lý thiết kế với những đường nét đơn nhưng vô cùng sang trọng. Máy có độ mỏng nhẹ chỉ 1,29kg và các cạnh tràn viền khiến thiết bị trở nên đẹp hơn và cao cấp hơn.',0,0,6,'2023-07-16 00:00:00','2023-07-16 00:00:00'),(181,'Laptop Lenovo Gaming Legion 5 15ARH7 82RE002VVN','R5-6600H/8GB/512GB PCIE/15.6 FHD 165HZ/VGA 4GB RTX3050/WIN11/XÁM',18690000,17000000,5,'https://cdn2.cellphones.com.vn/358x358,webp,q100/media/catalog/product/a/i/air_m2.png','- Macbook Air M1 là dòng sản phẩm có thiết kế mỏng nhẹ, sang trọng và tinh tế cùng với đó là giá thành phải chăng nên MacBook Air đã thu hút được đông đảo người dùng yêu thích và lựa chọn. Đây cũng là một trong những phiên bản Macbook Air mới nhất mà khách hàng không thể bỏ qua khi đến với CellphoneS. Dưới đây là chi tiết về thiết kế, cấu hình của máy. \\n\\n - Macbook Air 2020 M1 mới vẫn luôn tuân thủ triết lý thiết kế với những đường nét đơn nhưng vô cùng sang trọng. Máy có độ mỏng nhẹ chỉ 1,29kg và các cạnh tràn viền khiến thiết bị trở nên đẹp hơn và cao cấp hơn.',0,0,6,'2023-07-16 00:00:00','2023-07-16 00:00:00'),(182,'Laptop gaming MSI GF63 Thin 11SC 664VN','I5-11400H/8GB/512GB PCIE/VGA 4GB GTX1650/15.6 FHD 144HZ/WIN11/ĐEN',14000000,13000000,6,'https://cdn2.cellphones.com.vn/x358,webp,q100/media/catalog/product/t/e/text_ng_n_21_.png','- Laptop MSI Gaming GF63 Thin 11SC-664VN là sản phẩm thuộc phân khúc giá tầm trung, phù hợp với những game thủ.\n Đây là dòng laptop có vẻ ngoài nhỏ gọn nhưng vẫn mang đậm phong cách gaming.Vẻ ngoài thanh mảnh nhưng vẫn đậm chất gaming: Nhìn chung, chiếc laptop mang một vẻ ngoài khá thon gọn, tổng bề dày chỉ 21,7 mm và có khối lượng khoảng 1,86kg. Tuy nhiên vì là dòng máy gaming nên ở phần giữa của nắp máy được in chìm logo rồng đỏ quen thuộc nhằm tạo điểm nhấn. Đặc biệt hơn, phần thông gió ở phía dưới được in ẩn hình chữ X khá độc đáo.\n - Dòng Laptop MSI Gaming GF63 Thin 11SC-664VN được trang bị bộ vi xử lý Intel Core thế hệ thứ 11 giúp tăng hiệu suất làm việc lên 15% so với các dòng máy thế hệ trước.',0,0,4,'2023-07-15 00:00:00','2023-07-15 00:00:00'),(183,'Laptop Dell Latidude 7320 9PPWV','- I5-1145G7/16GB/256GB PCIE/13.3 FHD/WIN11 PRO/NHẬP KHẨU CHÍNH HÃN',16600000,15000000,10,'https://cdn2.cellphones.com.vn/358x358,webp,q100/media/catalog/product/l/a/laptop-dell-latitude-7320-9ppwv.png','- Laptop Dell Latitude 7320 9PPWV là chiếc laptop được thiết kế chuyên nghiệp để xử lý các tác vụ văn phòng, duyệt web, email,...Màn hình 13.3 inch tiện lợi cho di chuyển, bộ vi xử lý Intel Core i5 siêu mạnh mẽ là những điểm mạnh của chiếc laptop này. Cụ thể hơn hãy xem đoạn mô tả sau đây để nắm được ưu thế khi chọn mua laptop Dell Latitude nhé.Ram lớn, thỏa mãn nhu cầu lưu trữ, Laptop Dell Latitude 7320 9PPWV được tích hợp bộ ram 16GB, cho phép bạn chạy nhiều ứng dụng cùng lúc không lo gián đoạn. Bạn có thể xử lý các tập tin đồ họa, video nhanh chóng, chơi game giải trí ổn định',0,0,1,'2023-07-16 00:00:00','2023-07-16 00:00:00'),(184,'Laptop ASUS Gaming TUF FX506LHB-HN188W','- Phù hợp cho lập trình viên, thiết kế đồ họa 2D, dân văn phòng\\n - Đa nhiệm mượt mà - Ram 8GB cho phép vừa mở trình duyệt để tra cứu thông tin, vừa làm việc trên phần mềm ',18690000,17000000,5,'https://cdn2.cellphones.com.vn/358x358,webp,q100/media/catalog/product/a/i/air_m2.png','- Macbook Air M1 là dòng sản phẩm có thiết kế mỏng nhẹ, sang trọng và tinh tế cùng với đó là giá thành phải chăng nên MacBook Air đã thu hút được đông đảo người dùng yêu thích và lựa chọn. Đây cũng là một trong những phiên bản Macbook Air mới nhất mà khách hàng không thể bỏ qua khi đến với CellphoneS. Dưới đây là chi tiết về thiết kế, cấu hình của máy. \\n\\n - Macbook Air 2020 M1 mới vẫn luôn tuân thủ triết lý thiết kế với những đường nét đơn nhưng vô cùng sang trọng. Máy có độ mỏng nhẹ chỉ 1,29kg và các cạnh tràn viền khiến thiết bị trở nên đẹp hơn và cao cấp hơn.',0,0,6,'2023-07-16 00:00:00','2023-07-16 00:00:00'),(185,'Apple MacBook Air M1 256GB 2020','- Phù hợp cho lập trình viên, thiết kế đồ họa 2D, dân văn phòng\\n - Đa nhiệm mượt mà - Ram 8GB cho phép vừa mở trình duyệt để tra cứu thông tin, vừa làm việc trên phần mềm ',18690000,17000000,5,'https://cdn2.cellphones.com.vn/358x358,webp,q100/media/catalog/product/a/i/air_m2.png','- Macbook Air M1 là dòng sản phẩm có thiết kế mỏng nhẹ, sang trọng và tinh tế cùng với đó là giá thành phải chăng nên MacBook Air đã thu hút được đông đảo người dùng yêu thích và lựa chọn. Đây cũng là một trong những phiên bản Macbook Air mới nhất mà khách hàng không thể bỏ qua khi đến với CellphoneS. Dưới đây là chi tiết về thiết kế, cấu hình của máy. \\n\\n - Macbook Air 2020 M1 mới vẫn luôn tuân thủ triết lý thiết kế với những đường nét đơn nhưng vô cùng sang trọng. Máy có độ mỏng nhẹ chỉ 1,29kg và các cạnh tràn viền khiến thiết bị trở nên đẹp hơn và cao cấp hơn.',0,0,1,'2023-07-13 00:00:00','2023-07-13 00:00:00'),(186,'Laptop ASUS Gaming TUF FX506LHB-HN188W','- Phù hợp cho lập trình viên, thiết kế đồ họa 2D, dân văn phòng\\n - Đa nhiệm mượt mà - Ram 8GB cho phép vừa mở trình duyệt để tra cứu thông tin, vừa làm việc trên phần mềm ',18690000,17000000,5,'https://cdn2.cellphones.com.vn/358x358,webp,q100/media/catalog/product/a/i/air_m2.png','- Macbook Air M1 là dòng sản phẩm có thiết kế mỏng nhẹ, sang trọng và tinh tế cùng với đó là giá thành phải chăng nên MacBook Air đã thu hút được đông đảo người dùng yêu thích và lựa chọn. Đây cũng là một trong những phiên bản Macbook Air mới nhất mà khách hàng không thể bỏ qua khi đến với CellphoneS. Dưới đây là chi tiết về thiết kế, cấu hình của máy. \\n\\n - Macbook Air 2020 M1 mới vẫn luôn tuân thủ triết lý thiết kế với những đường nét đơn nhưng vô cùng sang trọng. Máy có độ mỏng nhẹ chỉ 1,29kg và các cạnh tràn viền khiến thiết bị trở nên đẹp hơn và cao cấp hơn.',0,0,5,'2023-07-12 00:00:00','2023-07-12 00:00:00'),(187,'Laptop Lenovo Gaming Legion 5 15ARH7 82RE002VVN','- Phù hợp cho lập trình viên, thiết kế đồ họa 2D, dân văn phòng\\n - Đa nhiệm mượt mà - Ram 8GB cho phép vừa mở trình duyệt để tra cứu thông tin, vừa làm việc trên phần mềm ',18690000,17000000,5,'https://cdn2.cellphones.com.vn/358x358,webp,q100/media/catalog/product/a/i/air_m2.png','- Macbook Air M1 là dòng sản phẩm có thiết kế mỏng nhẹ, sang trọng và tinh tế cùng với đó là giá thành phải chăng nên MacBook Air đã thu hút được đông đảo người dùng yêu thích và lựa chọn. Đây cũng là một trong những phiên bản Macbook Air mới nhất mà khách hàng không thể bỏ qua khi đến với CellphoneS. Dưới đây là chi tiết về thiết kế, cấu hình của máy. \\n\\n - Macbook Air 2020 M1 mới vẫn luôn tuân thủ triết lý thiết kế với những đường nét đơn nhưng vô cùng sang trọng. Máy có độ mỏng nhẹ chỉ 1,29kg và các cạnh tràn viền khiến thiết bị trở nên đẹp hơn và cao cấp hơn.',0,0,2,'2023-07-14 00:00:00','2023-07-14 00:00:00'),(188,'Apple MacBook Air M1 256GB 2020','- Phù hợp cho lập trình viên, thiết kế đồ họa 2D, dân văn phòng\\n - Đa nhiệm mượt mà - Ram 8GB cho phép vừa mở trình duyệt để tra cứu thông tin, vừa làm việc trên phần mềm ',18690000,17000000,5,'https://cdn2.cellphones.com.vn/358x358,webp,q100/media/catalog/product/a/i/air_m2.png','- Macbook Air M1 là dòng sản phẩm có thiết kế mỏng nhẹ, sang trọng và tinh tế cùng với đó là giá thành phải chăng nên MacBook Air đã thu hút được đông đảo người dùng yêu thích và lựa chọn. Đây cũng là một trong những phiên bản Macbook Air mới nhất mà khách hàng không thể bỏ qua khi đến với CellphoneS. Dưới đây là chi tiết về thiết kế, cấu hình của máy. \\n\\n - Macbook Air 2020 M1 mới vẫn luôn tuân thủ triết lý thiết kế với những đường nét đơn nhưng vô cùng sang trọng. Máy có độ mỏng nhẹ chỉ 1,29kg và các cạnh tràn viền khiến thiết bị trở nên đẹp hơn và cao cấp hơn.',0,0,3,'2023-07-16 00:00:00','2023-07-16 00:00:00'),(189,'Laptop ASUS Gaming TUF FX506LHB-HN188W','R5-6600H/8GB/512GB PCIE/15.6 FHD 165HZ/VGA 4GB RTX3050/WIN11/XÁM ',18690000,17000000,5,'https://cdn2.cellphones.com.vn/358x358,webp,q100/media/catalog/product/a/i/air_m2.png','- Macbook Air M1 là dòng sản phẩm có thiết kế mỏng nhẹ, sang trọng và tinh tế cùng với đó là giá thành phải chăng nên MacBook Air đã thu hút được đông đảo người dùng yêu thích và lựa chọn. Đây cũng là một trong những phiên bản Macbook Air mới nhất mà khách hàng không thể bỏ qua khi đến với CellphoneS. Dưới đây là chi tiết về thiết kế, cấu hình của máy. \\n\\n - Macbook Air 2020 M1 mới vẫn luôn tuân thủ triết lý thiết kế với những đường nét đơn nhưng vô cùng sang trọng. Máy có độ mỏng nhẹ chỉ 1,29kg và các cạnh tràn viền khiến thiết bị trở nên đẹp hơn và cao cấp hơn.',0,0,6,'2023-07-16 00:00:00','2023-07-16 00:00:00'),(190,'Laptop Lenovo Gaming Legion 5 15ARH7 82RE002VVN','R5-6600H/8GB/512GB PCIE/15.6 FHD 165HZ/VGA 4GB RTX3050/WIN11/XÁM',18690000,17000000,5,'https://cdn2.cellphones.com.vn/358x358,webp,q100/media/catalog/product/a/i/air_m2.png','- Macbook Air M1 là dòng sản phẩm có thiết kế mỏng nhẹ, sang trọng và tinh tế cùng với đó là giá thành phải chăng nên MacBook Air đã thu hút được đông đảo người dùng yêu thích và lựa chọn. Đây cũng là một trong những phiên bản Macbook Air mới nhất mà khách hàng không thể bỏ qua khi đến với CellphoneS. Dưới đây là chi tiết về thiết kế, cấu hình của máy. \\n\\n - Macbook Air 2020 M1 mới vẫn luôn tuân thủ triết lý thiết kế với những đường nét đơn nhưng vô cùng sang trọng. Máy có độ mỏng nhẹ chỉ 1,29kg và các cạnh tràn viền khiến thiết bị trở nên đẹp hơn và cao cấp hơn.',0,0,6,'2023-07-16 00:00:00','2023-07-16 00:00:00'),(191,'Laptop gaming MSI GF63 Thin 11SC 664VN','I5-11400H/8GB/512GB PCIE/VGA 4GB GTX1650/15.6 FHD 144HZ/WIN11/ĐEN',14000000,13000000,6,'https://cdn2.cellphones.com.vn/x358,webp,q100/media/catalog/product/t/e/text_ng_n_21_.png','- Laptop MSI Gaming GF63 Thin 11SC-664VN là sản phẩm thuộc phân khúc giá tầm trung, phù hợp với những game thủ.\n Đây là dòng laptop có vẻ ngoài nhỏ gọn nhưng vẫn mang đậm phong cách gaming.Vẻ ngoài thanh mảnh nhưng vẫn đậm chất gaming: Nhìn chung, chiếc laptop mang một vẻ ngoài khá thon gọn, tổng bề dày chỉ 21,7 mm và có khối lượng khoảng 1,86kg. Tuy nhiên vì là dòng máy gaming nên ở phần giữa của nắp máy được in chìm logo rồng đỏ quen thuộc nhằm tạo điểm nhấn. Đặc biệt hơn, phần thông gió ở phía dưới được in ẩn hình chữ X khá độc đáo.\n - Dòng Laptop MSI Gaming GF63 Thin 11SC-664VN được trang bị bộ vi xử lý Intel Core thế hệ thứ 11 giúp tăng hiệu suất làm việc lên 15% so với các dòng máy thế hệ trước.',0,0,4,'2023-07-15 00:00:00','2023-07-15 00:00:00'),(192,'Laptop Dell Latidude 7320 9PPWV','- I5-1145G7/16GB/256GB PCIE/13.3 FHD/WIN11 PRO/NHẬP KHẨU CHÍNH HÃN',16600000,15000000,10,'https://cdn2.cellphones.com.vn/358x358,webp,q100/media/catalog/product/l/a/laptop-dell-latitude-7320-9ppwv.png','- Laptop Dell Latitude 7320 9PPWV là chiếc laptop được thiết kế chuyên nghiệp để xử lý các tác vụ văn phòng, duyệt web, email,...Màn hình 13.3 inch tiện lợi cho di chuyển, bộ vi xử lý Intel Core i5 siêu mạnh mẽ là những điểm mạnh của chiếc laptop này. Cụ thể hơn hãy xem đoạn mô tả sau đây để nắm được ưu thế khi chọn mua laptop Dell Latitude nhé.Ram lớn, thỏa mãn nhu cầu lưu trữ, Laptop Dell Latitude 7320 9PPWV được tích hợp bộ ram 16GB, cho phép bạn chạy nhiều ứng dụng cùng lúc không lo gián đoạn. Bạn có thể xử lý các tập tin đồ họa, video nhanh chóng, chơi game giải trí ổn định',0,0,1,'2023-07-16 00:00:00','2023-07-16 00:00:00'),(193,'Laptop ASUS Gaming TUF FX506LHB-HN188W','- Phù hợp cho lập trình viên, thiết kế đồ họa 2D, dân văn phòng\\n - Đa nhiệm mượt mà - Ram 8GB cho phép vừa mở trình duyệt để tra cứu thông tin, vừa làm việc trên phần mềm ',18690000,17000000,5,'https://cdn2.cellphones.com.vn/358x358,webp,q100/media/catalog/product/a/i/air_m2.png','- Macbook Air M1 là dòng sản phẩm có thiết kế mỏng nhẹ, sang trọng và tinh tế cùng với đó là giá thành phải chăng nên MacBook Air đã thu hút được đông đảo người dùng yêu thích và lựa chọn. Đây cũng là một trong những phiên bản Macbook Air mới nhất mà khách hàng không thể bỏ qua khi đến với CellphoneS. Dưới đây là chi tiết về thiết kế, cấu hình của máy. \\n\\n - Macbook Air 2020 M1 mới vẫn luôn tuân thủ triết lý thiết kế với những đường nét đơn nhưng vô cùng sang trọng. Máy có độ mỏng nhẹ chỉ 1,29kg và các cạnh tràn viền khiến thiết bị trở nên đẹp hơn và cao cấp hơn.',0,0,6,'2023-07-16 00:00:00','2023-07-16 00:00:00'),(194,'Apple MacBook Air M1 256GB 2020','- Phù hợp cho lập trình viên, thiết kế đồ họa 2D, dân văn phòng\\n - Đa nhiệm mượt mà - Ram 8GB cho phép vừa mở trình duyệt để tra cứu thông tin, vừa làm việc trên phần mềm ',18690000,17000000,5,'https://cdn2.cellphones.com.vn/358x358,webp,q100/media/catalog/product/a/i/air_m2.png','- Macbook Air M1 là dòng sản phẩm có thiết kế mỏng nhẹ, sang trọng và tinh tế cùng với đó là giá thành phải chăng nên MacBook Air đã thu hút được đông đảo người dùng yêu thích và lựa chọn. Đây cũng là một trong những phiên bản Macbook Air mới nhất mà khách hàng không thể bỏ qua khi đến với CellphoneS. Dưới đây là chi tiết về thiết kế, cấu hình của máy. \\n\\n - Macbook Air 2020 M1 mới vẫn luôn tuân thủ triết lý thiết kế với những đường nét đơn nhưng vô cùng sang trọng. Máy có độ mỏng nhẹ chỉ 1,29kg và các cạnh tràn viền khiến thiết bị trở nên đẹp hơn và cao cấp hơn.',0,0,1,'2023-07-13 00:00:00','2023-07-13 00:00:00'),(195,'Laptop ASUS Gaming TUF FX506LHB-HN188W','- Phù hợp cho lập trình viên, thiết kế đồ họa 2D, dân văn phòng\\n - Đa nhiệm mượt mà - Ram 8GB cho phép vừa mở trình duyệt để tra cứu thông tin, vừa làm việc trên phần mềm ',18690000,17000000,5,'https://cdn2.cellphones.com.vn/358x358,webp,q100/media/catalog/product/a/i/air_m2.png','- Macbook Air M1 là dòng sản phẩm có thiết kế mỏng nhẹ, sang trọng và tinh tế cùng với đó là giá thành phải chăng nên MacBook Air đã thu hút được đông đảo người dùng yêu thích và lựa chọn. Đây cũng là một trong những phiên bản Macbook Air mới nhất mà khách hàng không thể bỏ qua khi đến với CellphoneS. Dưới đây là chi tiết về thiết kế, cấu hình của máy. \\n\\n - Macbook Air 2020 M1 mới vẫn luôn tuân thủ triết lý thiết kế với những đường nét đơn nhưng vô cùng sang trọng. Máy có độ mỏng nhẹ chỉ 1,29kg và các cạnh tràn viền khiến thiết bị trở nên đẹp hơn và cao cấp hơn.',0,0,5,'2023-07-12 00:00:00','2023-07-12 00:00:00'),(196,'Laptop Lenovo Gaming Legion 5 15ARH7 82RE002VVN','- Phù hợp cho lập trình viên, thiết kế đồ họa 2D, dân văn phòng\\n - Đa nhiệm mượt mà - Ram 8GB cho phép vừa mở trình duyệt để tra cứu thông tin, vừa làm việc trên phần mềm ',18690000,17000000,5,'https://cdn2.cellphones.com.vn/358x358,webp,q100/media/catalog/product/a/i/air_m2.png','- Macbook Air M1 là dòng sản phẩm có thiết kế mỏng nhẹ, sang trọng và tinh tế cùng với đó là giá thành phải chăng nên MacBook Air đã thu hút được đông đảo người dùng yêu thích và lựa chọn. Đây cũng là một trong những phiên bản Macbook Air mới nhất mà khách hàng không thể bỏ qua khi đến với CellphoneS. Dưới đây là chi tiết về thiết kế, cấu hình của máy. \\n\\n - Macbook Air 2020 M1 mới vẫn luôn tuân thủ triết lý thiết kế với những đường nét đơn nhưng vô cùng sang trọng. Máy có độ mỏng nhẹ chỉ 1,29kg và các cạnh tràn viền khiến thiết bị trở nên đẹp hơn và cao cấp hơn.',0,0,2,'2023-07-14 00:00:00','2023-07-14 00:00:00'),(197,'Apple MacBook Air M1 256GB 2020','- Phù hợp cho lập trình viên, thiết kế đồ họa 2D, dân văn phòng\\n - Đa nhiệm mượt mà - Ram 8GB cho phép vừa mở trình duyệt để tra cứu thông tin, vừa làm việc trên phần mềm ',18690000,17000000,5,'https://cdn2.cellphones.com.vn/358x358,webp,q100/media/catalog/product/a/i/air_m2.png','- Macbook Air M1 là dòng sản phẩm có thiết kế mỏng nhẹ, sang trọng và tinh tế cùng với đó là giá thành phải chăng nên MacBook Air đã thu hút được đông đảo người dùng yêu thích và lựa chọn. Đây cũng là một trong những phiên bản Macbook Air mới nhất mà khách hàng không thể bỏ qua khi đến với CellphoneS. Dưới đây là chi tiết về thiết kế, cấu hình của máy. \\n\\n - Macbook Air 2020 M1 mới vẫn luôn tuân thủ triết lý thiết kế với những đường nét đơn nhưng vô cùng sang trọng. Máy có độ mỏng nhẹ chỉ 1,29kg và các cạnh tràn viền khiến thiết bị trở nên đẹp hơn và cao cấp hơn.',0,0,3,'2023-07-16 00:00:00','2023-07-16 00:00:00'),(198,'Laptop ASUS Gaming TUF FX506LHB-HN188W','R5-6600H/8GB/512GB PCIE/15.6 FHD 165HZ/VGA 4GB RTX3050/WIN11/XÁM ',18690000,17000000,5,'https://cdn2.cellphones.com.vn/358x358,webp,q100/media/catalog/product/a/i/air_m2.png','- Macbook Air M1 là dòng sản phẩm có thiết kế mỏng nhẹ, sang trọng và tinh tế cùng với đó là giá thành phải chăng nên MacBook Air đã thu hút được đông đảo người dùng yêu thích và lựa chọn. Đây cũng là một trong những phiên bản Macbook Air mới nhất mà khách hàng không thể bỏ qua khi đến với CellphoneS. Dưới đây là chi tiết về thiết kế, cấu hình của máy. \\n\\n - Macbook Air 2020 M1 mới vẫn luôn tuân thủ triết lý thiết kế với những đường nét đơn nhưng vô cùng sang trọng. Máy có độ mỏng nhẹ chỉ 1,29kg và các cạnh tràn viền khiến thiết bị trở nên đẹp hơn và cao cấp hơn.',0,0,6,'2023-07-16 00:00:00','2023-07-16 00:00:00'),(199,'Laptop Lenovo Gaming Legion 5 15ARH7 82RE002VVN','R5-6600H/8GB/512GB PCIE/15.6 FHD 165HZ/VGA 4GB RTX3050/WIN11/XÁM',18690000,17000000,5,'https://cdn2.cellphones.com.vn/358x358,webp,q100/media/catalog/product/a/i/air_m2.png','- Macbook Air M1 là dòng sản phẩm có thiết kế mỏng nhẹ, sang trọng và tinh tế cùng với đó là giá thành phải chăng nên MacBook Air đã thu hút được đông đảo người dùng yêu thích và lựa chọn. Đây cũng là một trong những phiên bản Macbook Air mới nhất mà khách hàng không thể bỏ qua khi đến với CellphoneS. Dưới đây là chi tiết về thiết kế, cấu hình của máy. \\n\\n - Macbook Air 2020 M1 mới vẫn luôn tuân thủ triết lý thiết kế với những đường nét đơn nhưng vô cùng sang trọng. Máy có độ mỏng nhẹ chỉ 1,29kg và các cạnh tràn viền khiến thiết bị trở nên đẹp hơn và cao cấp hơn.',0,0,6,'2023-07-16 00:00:00','2023-07-16 00:00:00'),(200,'Laptop gaming MSI GF63 Thin 11SC 664VN','I5-11400H/8GB/512GB PCIE/VGA 4GB GTX1650/15.6 FHD 144HZ/WIN11/ĐEN',14000000,13000000,6,'https://cdn2.cellphones.com.vn/x358,webp,q100/media/catalog/product/t/e/text_ng_n_21_.png','- Laptop MSI Gaming GF63 Thin 11SC-664VN là sản phẩm thuộc phân khúc giá tầm trung, phù hợp với những game thủ.\n Đây là dòng laptop có vẻ ngoài nhỏ gọn nhưng vẫn mang đậm phong cách gaming.Vẻ ngoài thanh mảnh nhưng vẫn đậm chất gaming: Nhìn chung, chiếc laptop mang một vẻ ngoài khá thon gọn, tổng bề dày chỉ 21,7 mm và có khối lượng khoảng 1,86kg. Tuy nhiên vì là dòng máy gaming nên ở phần giữa của nắp máy được in chìm logo rồng đỏ quen thuộc nhằm tạo điểm nhấn. Đặc biệt hơn, phần thông gió ở phía dưới được in ẩn hình chữ X khá độc đáo.\n - Dòng Laptop MSI Gaming GF63 Thin 11SC-664VN được trang bị bộ vi xử lý Intel Core thế hệ thứ 11 giúp tăng hiệu suất làm việc lên 15% so với các dòng máy thế hệ trước.',0,0,4,'2023-07-15 00:00:00','2023-07-15 00:00:00'),(201,'Laptop Dell Latidude 7320 9PPWV','- I5-1145G7/16GB/256GB PCIE/13.3 FHD/WIN11 PRO/NHẬP KHẨU CHÍNH HÃN',16600000,15000000,10,'https://cdn2.cellphones.com.vn/358x358,webp,q100/media/catalog/product/l/a/laptop-dell-latitude-7320-9ppwv.png','- Laptop Dell Latitude 7320 9PPWV là chiếc laptop được thiết kế chuyên nghiệp để xử lý các tác vụ văn phòng, duyệt web, email,...Màn hình 13.3 inch tiện lợi cho di chuyển, bộ vi xử lý Intel Core i5 siêu mạnh mẽ là những điểm mạnh của chiếc laptop này. Cụ thể hơn hãy xem đoạn mô tả sau đây để nắm được ưu thế khi chọn mua laptop Dell Latitude nhé.Ram lớn, thỏa mãn nhu cầu lưu trữ, Laptop Dell Latitude 7320 9PPWV được tích hợp bộ ram 16GB, cho phép bạn chạy nhiều ứng dụng cùng lúc không lo gián đoạn. Bạn có thể xử lý các tập tin đồ họa, video nhanh chóng, chơi game giải trí ổn định',0,0,1,'2023-07-16 00:00:00','2023-07-16 00:00:00'),(202,'Laptop ASUS Gaming TUF FX506LHB-HN188W','- Phù hợp cho lập trình viên, thiết kế đồ họa 2D, dân văn phòng\\n - Đa nhiệm mượt mà - Ram 8GB cho phép vừa mở trình duyệt để tra cứu thông tin, vừa làm việc trên phần mềm ',18690000,17000000,5,'https://cdn2.cellphones.com.vn/358x358,webp,q100/media/catalog/product/a/i/air_m2.png','- Macbook Air M1 là dòng sản phẩm có thiết kế mỏng nhẹ, sang trọng và tinh tế cùng với đó là giá thành phải chăng nên MacBook Air đã thu hút được đông đảo người dùng yêu thích và lựa chọn. Đây cũng là một trong những phiên bản Macbook Air mới nhất mà khách hàng không thể bỏ qua khi đến với CellphoneS. Dưới đây là chi tiết về thiết kế, cấu hình của máy. \\n\\n - Macbook Air 2020 M1 mới vẫn luôn tuân thủ triết lý thiết kế với những đường nét đơn nhưng vô cùng sang trọng. Máy có độ mỏng nhẹ chỉ 1,29kg và các cạnh tràn viền khiến thiết bị trở nên đẹp hơn và cao cấp hơn.',0,0,6,'2023-07-16 00:00:00','2023-07-16 00:00:00'),(203,'Apple MacBook Air M1 256GB 2020','- Phù hợp cho lập trình viên, thiết kế đồ họa 2D, dân văn phòng\\n - Đa nhiệm mượt mà - Ram 8GB cho phép vừa mở trình duyệt để tra cứu thông tin, vừa làm việc trên phần mềm ',18690000,17000000,5,'https://cdn2.cellphones.com.vn/358x358,webp,q100/media/catalog/product/a/i/air_m2.png','- Macbook Air M1 là dòng sản phẩm có thiết kế mỏng nhẹ, sang trọng và tinh tế cùng với đó là giá thành phải chăng nên MacBook Air đã thu hút được đông đảo người dùng yêu thích và lựa chọn. Đây cũng là một trong những phiên bản Macbook Air mới nhất mà khách hàng không thể bỏ qua khi đến với CellphoneS. Dưới đây là chi tiết về thiết kế, cấu hình của máy. \\n\\n - Macbook Air 2020 M1 mới vẫn luôn tuân thủ triết lý thiết kế với những đường nét đơn nhưng vô cùng sang trọng. Máy có độ mỏng nhẹ chỉ 1,29kg và các cạnh tràn viền khiến thiết bị trở nên đẹp hơn và cao cấp hơn.',0,0,1,'2023-07-13 00:00:00','2023-07-13 00:00:00'),(204,'Laptop ASUS Gaming TUF FX506LHB-HN188W','- Phù hợp cho lập trình viên, thiết kế đồ họa 2D, dân văn phòng\\n - Đa nhiệm mượt mà - Ram 8GB cho phép vừa mở trình duyệt để tra cứu thông tin, vừa làm việc trên phần mềm ',18690000,17000000,5,'https://cdn2.cellphones.com.vn/358x358,webp,q100/media/catalog/product/a/i/air_m2.png','- Macbook Air M1 là dòng sản phẩm có thiết kế mỏng nhẹ, sang trọng và tinh tế cùng với đó là giá thành phải chăng nên MacBook Air đã thu hút được đông đảo người dùng yêu thích và lựa chọn. Đây cũng là một trong những phiên bản Macbook Air mới nhất mà khách hàng không thể bỏ qua khi đến với CellphoneS. Dưới đây là chi tiết về thiết kế, cấu hình của máy. \\n\\n - Macbook Air 2020 M1 mới vẫn luôn tuân thủ triết lý thiết kế với những đường nét đơn nhưng vô cùng sang trọng. Máy có độ mỏng nhẹ chỉ 1,29kg và các cạnh tràn viền khiến thiết bị trở nên đẹp hơn và cao cấp hơn.',0,0,5,'2023-07-12 00:00:00','2023-07-12 00:00:00'),(205,'Laptop Lenovo Gaming Legion 5 15ARH7 82RE002VVN','- Phù hợp cho lập trình viên, thiết kế đồ họa 2D, dân văn phòng\\n - Đa nhiệm mượt mà - Ram 8GB cho phép vừa mở trình duyệt để tra cứu thông tin, vừa làm việc trên phần mềm ',18690000,17000000,5,'https://cdn2.cellphones.com.vn/358x358,webp,q100/media/catalog/product/a/i/air_m2.png','- Macbook Air M1 là dòng sản phẩm có thiết kế mỏng nhẹ, sang trọng và tinh tế cùng với đó là giá thành phải chăng nên MacBook Air đã thu hút được đông đảo người dùng yêu thích và lựa chọn. Đây cũng là một trong những phiên bản Macbook Air mới nhất mà khách hàng không thể bỏ qua khi đến với CellphoneS. Dưới đây là chi tiết về thiết kế, cấu hình của máy. \\n\\n - Macbook Air 2020 M1 mới vẫn luôn tuân thủ triết lý thiết kế với những đường nét đơn nhưng vô cùng sang trọng. Máy có độ mỏng nhẹ chỉ 1,29kg và các cạnh tràn viền khiến thiết bị trở nên đẹp hơn và cao cấp hơn.',0,0,2,'2023-07-14 00:00:00','2023-07-14 00:00:00'),(206,'Apple MacBook Air M1 256GB 2020','- Phù hợp cho lập trình viên, thiết kế đồ họa 2D, dân văn phòng\\n - Đa nhiệm mượt mà - Ram 8GB cho phép vừa mở trình duyệt để tra cứu thông tin, vừa làm việc trên phần mềm ',18690000,17000000,0,'https://cdn2.cellphones.com.vn/358x358,webp,q100/media/catalog/product/a/i/air_m2.png','- Macbook Air M1 là dòng sản phẩm có thiết kế mỏng nhẹ, sang trọng và tinh tế cùng với đó là giá thành phải chăng nên MacBook Air đã thu hút được đông đảo người dùng yêu thích và lựa chọn. Đây cũng là một trong những phiên bản Macbook Air mới nhất mà khách hàng không thể bỏ qua khi đến với CellphoneS. Dưới đây là chi tiết về thiết kế, cấu hình của máy. \\n\\n - Macbook Air 2020 M1 mới vẫn luôn tuân thủ triết lý thiết kế với những đường nét đơn nhưng vô cùng sang trọng. Máy có độ mỏng nhẹ chỉ 1,29kg và các cạnh tràn viền khiến thiết bị trở nên đẹp hơn và cao cấp hơn.',0,1,3,'2023-07-16 00:00:00','2023-07-16 00:00:00'),(207,'Laptop ASUS Gaming TUF FX506LHB-HN188W','R5-6600H/8GB/512GB PCIE/15.6 FHD 165HZ/VGA 4GB RTX3050/WIN11/XÁM ',18690000,17000000,0,'https://cdn2.cellphones.com.vn/358x358,webp,q100/media/catalog/product/a/i/air_m2.png','- Macbook Air M1 là dòng sản phẩm có thiết kế mỏng nhẹ, sang trọng và tinh tế cùng với đó là giá thành phải chăng nên MacBook Air đã thu hút được đông đảo người dùng yêu thích và lựa chọn. Đây cũng là một trong những phiên bản Macbook Air mới nhất mà khách hàng không thể bỏ qua khi đến với CellphoneS. Dưới đây là chi tiết về thiết kế, cấu hình của máy. \\n\\n - Macbook Air 2020 M1 mới vẫn luôn tuân thủ triết lý thiết kế với những đường nét đơn nhưng vô cùng sang trọng. Máy có độ mỏng nhẹ chỉ 1,29kg và các cạnh tràn viền khiến thiết bị trở nên đẹp hơn và cao cấp hơn.',0,0,6,'2023-07-16 00:00:00','2023-07-16 00:00:00'),(208,'Laptop Lenovo Gaming Legion 5 15ARH7 82RE002VVN','R5-6600H/8GB/512GB PCIE/15.6 FHD 165HZ/VGA 4GB RTX3050/WIN11/XÁM',18690000,17000000,0,'https://cdn2.cellphones.com.vn/358x358,webp,q100/media/catalog/product/a/i/air_m2.png','- Macbook Air M1 là dòng sản phẩm có thiết kế mỏng nhẹ, sang trọng và tinh tế cùng với đó là giá thành phải chăng nên MacBook Air đã thu hút được đông đảo người dùng yêu thích và lựa chọn. Đây cũng là một trong những phiên bản Macbook Air mới nhất mà khách hàng không thể bỏ qua khi đến với CellphoneS. Dưới đây là chi tiết về thiết kế, cấu hình của máy. \\n\\n - Macbook Air 2020 M1 mới vẫn luôn tuân thủ triết lý thiết kế với những đường nét đơn nhưng vô cùng sang trọng. Máy có độ mỏng nhẹ chỉ 1,29kg và các cạnh tràn viền khiến thiết bị trở nên đẹp hơn và cao cấp hơn.',0,0,6,'2023-07-16 00:00:00','2023-07-16 00:00:00'),(209,'11 laptop evoo gamming','dòng laptop tốt nhất đến từ Mỹ',20000000,18000000,0,'https://encrypted-tbn0.gstatic.com/images?q=tbn:ANd9GcR5IbGhlkGwkE4Cps835ZI2Kgf0WDZVTy0GA_XbgIiuEcEd-KSZ1RWISNSUJgngtihkeQk&usqp=CAU','vô cùng mạnh mẽ sử dụng core i7-9750H',1,0,4,'2023-07-31 00:22:29','2023-07-31 00:23:53'),(210,'Laptop Asus Gaming Rog Strix G15 G513IH HN015W','R7-4800H/8GB/512GB PCIE/15.6 IPS 144Hz/VGA 4GB GTX1650/WIN11/XÁM',19000000,17500000,10,'https://cdn2.cellphones.com.vn/358x358,webp,q100/media/catalog/product/4/h/4h43.png','Chip R7-4800H cùng card đồ họa rời Geforce GTX 1650 cho khả năng chiến các tựa game nặng, chỉnh sửa hình ảnh trên PTS, Render video ngắn mượt mà\nRam 8GB + 1 khe, nâng cấp tối đa 32GB cùng ổ cứng SSD có không gian lưu trữ lên tới 512GB cho tốc độ xử lý mượt mà, nhanh chóng, không lo giật lag\nMàn hình 15.6 inches trên tấm nền IPS với độ phân giải Full HD cùng tần số 144Hz cho trải nghiệm hình ảnh, màu sắc chân thực, sinh động\nĐa dạng cổng giao tiếp, dễ dàng sử dụng\nTrọng lượng 2.1 kg thuận tiện cho di chuyển và mang theo\nMáy đi kèm Windows 11 SL bản quyền',1,0,6,'2023-07-31 00:00:00','2023-07-31 00:00:00'),(211,'Laptop MSI Crosshair 15 B12UEZ-460VN','I7-12700H/16GB/1TB PCIE/VGA 6GB RTX3060/15.6 QHD 165HZ/WIN11/ĐEN',29000000,27000000,10,'https://cdn2.cellphones.com.vn/358x358,webp,q100/media/catalog/product/t/e/text_ng_n_20_.png','ĐẶC ĐIỂM NỔI BẬT\nThiết kế độc đáo với sự kết hợp của MSI và hãng game Ubisoft mang phong cách khoa học viễn tưởng.\nCPU Intel Core i7-12700H kết hợp cùng card RTX 3060 6GB cân mọi tựa game cấu hình cao hay làm đồ họa, edit video 2D, 3D mượt mà không lo giật, lag.\nRAM 16GB đi kèm ổ cứng 1TB NVMe PCIe SSD không gian thoải mái lưu trữ, mở máy chỉ trong nháy mắt.\nMàn hình 15.6 inch, tấm nền IPS cùng tần số quét 165 Hz chon hình ảnh sắc nét cao, loại bỏ hiện tượng nhòe, vỡ khung hình, đảm bảo trải nghiệm cho game thủ.\nBàn phím có dải màu rộng, các phím A-S-D-W được đánh màu độc đáo hỗ trợ game thủ thao tác chuyển động nhanh hơn.',1,0,5,'2023-07-31 00:00:00','2023-07-31 00:00:00'),(212,'Laptop Lenovo Ideapad Gaming 3 15IAH7 82S9006YVN','I5-12500H/8GB/512GB PCIE/VGA 4GB RTX 3050/15.6 FHD 120Hz/WIN11/XÁM',22000000,19000000,11,'https://cdn2.cellphones.com.vn/358x358,webp,q100/media/catalog/product/e/g/egtg.jpg','Cấu hình chơi game và đồ họa đỉnh cao, cân mọi tựa game - Core i5-12500H cùng card rời RTX 3050. Có khả năng chỉnh sửa hình ảnh trên PTS, Render video cực tốt.\nRam 8GB, ổ cứng SSD 512GB mang đến tốc độ xử lý nhanh cùng đa nhiệm mượt mà.\nMàn hình Full HD, tần số quét 120Hz kích thước 15.6 inch, tấm nền IPS, 250 nits, chống chói, độ phủ màu 45% NTSC.\nTích hợp webcam 720p cho phép đàm thoại thông qua video thoải mái.\nBàn phím được tích hợp đèn - Thoả sức chiến game trong môi trường thiếu sáng\nBảo mật an toàn, hiện đại - Phần mềm cơ sở TPM 2.0, màn trập riêng tư của máy ảnh\nMáy đi kèm Windows 11 bản quyền.',1,0,5,'2023-07-31 00:00:00','2023-07-31 00:00:00'),(213,'Laptop Gaming Acer Nitro 5 Eagle AN515-57-54MV','I5-11400H/8GB/512GB PCIE/VGA 4GB RTX3050/15.6 IPS 144Hz/WIN11/ĐEN',25000000,22000000,9,'https://cdn2.cellphones.com.vn/358x358,webp,q100/media/catalog/product/t/e/text_ng_n_7.png','Laptop Gaming Acer Nitro 5 Eagle AN515-57-54MV – laptop gaming vượt trội\nNitro là dòng laptop Gaming Acer, trong đó sản phẩm laptop gaming Acer Nitro 5 Eagle AN515-57-54MV với thiết kế đậm chất gaming cùng hiệu năng ấn tượng.\nThiết kế đậm chất gaming cứng cáp, logo đen sang trọng\nLaptop Acer Nitro 5 Eagle AN515-57-54MV về vẻ ngoài khá tương tự với các phiên bản Nitro 5 khác. Tổng thể của máy Acer Nitro 5 được hoàn thiện từ nhựa nhám với nắp capo được hoàn thiện cách điệu với các đường gạch chéo giúp tổng thể máy cuốn hút hơn, mạnh mẽ hơn.\nĐồng thời logo trên nắp lưng thay vì màu đỏ truyền thống, Acer Nitro 5 Eagle AN515-57-54MV cũng được chuyển sang màu đen tạo cảm giác đẳng cấp. Về bản lề, laptop được gia công vô cùng chắc chắn cùng đế dày.',1,0,5,'2023-07-31 00:00:00','2023-07-31 00:00:00'),(214,'Laptop MSI Crosshair 15 B12UEZ-460VN','I7-12700H/16GB/1TB PCIE/VGA 6GB RTX3060/15.6 QHD 165HZ/WIN11/ĐEN',27000000,34000000,10,'https://cdn2.cellphones.com.vn/358x358,webp,q100/media/catalog/product/t/e/text_ng_n_20_.png','Thiết kế độc đáo với sự kết hợp của MSI và hãng game Ubisoft mang phong cách khoa học viễn tưởng.\r\nCPU Intel Core i7-12700H kết hợp cùng card RTX 3060 6GB cân mọi tựa game cấu hình cao hay làm đồ họa, edit video 2D, 3D mượt mà không lo giật, lag.\r\nRAM 16GB đi kèm ổ cứng 1TB NVMe PCIe SSD không gian thoải mái lưu trữ, mở máy chỉ trong nháy mắt.\r\nMàn hình 15.6 inch, tấm nền IPS cùng tần số quét 165 Hz chon hình ảnh sắc nét cao, loại bỏ hiện tượng nhòe, vỡ khung hình, đảm bảo trải nghiệm cho game thủ.\r\nBàn phím có dải màu rộng, các phím A-S-D-W được đánh màu độc đáo hỗ trợ game thủ thao tác chuyển động nhanh hơn. nha',1,0,5,'2023-07-31 00:00:00','2023-08-13 23:55:46'),(215,'Mac mini M2 2023 (8 CPU - 10 GPU - 8GB - 256GB)','Hiệu năng vượt trội với con chip M2 cùng 10 nhân GPU - Chạy tốt các tác vụ như render video, chỉnh sửa hình ảnh',15000000,14000000,12,'https://cdn2.cellphones.com.vn/358x358,webp,q100/media/catalog/product/m/2/m2_256gb.png','Mac Mini M2 2023 – Kích thước nhỏ gọn, hiệu năng nổi trội\nMac Mini M2 là sản phẩm được đánh giá cao từ tính năng đến thiết kế, nhà sản xuất đã cải tiến để đáp ứng các nhu cầu khác nhau của khách hàng so với bản tiền nhiệm trước đó. Sản phẩm đã được mong đợi từ trước khi ra mắt với số lượng đặt trước tăng lên liên tục khi được chính thức tung ra thị trường.\nHiệu năng nổi trội\nVới dung lượng bộ nhớ lên đến 8GB 256GB, người dùng thỏa sức tải game nặng ký, các tài liệu về máy chủ mà vẫn còn chỗ trống. Trang bị con chipset mạnh mẽ Apple M2 với 8 nhân CPU, 10 nhân GPU, 16 nhân Neural Engine cùng băng thông bộ nhớ 100GB/s và tạo độ mượt mà nhanh nhạy khi thực hiện các tác vụ',1,0,5,'2023-07-31 00:00:00','2023-07-31 00:00:00');


--
-- Table structure for table `feedback`
--


CREATE TABLE `feedback` (
  `id` int NOT NULL AUTO_INCREMENT,
  `name` varchar(100) CHARACTER SET utf8mb3 NOT NULL,
  `email` varchar(100) NOT NULL,
  `subject` varchar(200) CHARACTER SET utf8mb3  NOT NULL,
  `message` varchar(500) CHARACTER SET utf8mb3  NOT NULL,
  `created_at` datetime DEFAULT NULL,
  `status` int DEFAULT '0' COMMENT '0: chưa xử lý, 1: đã xử lý',
  `user_id` int NOT NULL,
  PRIMARY KEY (`id`),
  KEY `u_id` (`user_id`),
  CONSTRAINT `u_id` FOREIGN KEY (`user_id`) REFERENCES `user` (`id`)
) ENGINE=InnoDB AUTO_INCREMENT=3 DEFAULT CHARSET=utf8mb4;


--
-- Dumping data for table `feedback`
--


INSERT INTO `feedback` VALUES (1,'duy','huaduy2k2@gmail.com','nhanh','nahnah','2023-07-29 17:01:28',1,35);


--
-- Table structure for table `galery`
--


CREATE TABLE `galery` (
  `id` int NOT NULL AUTO_INCREMENT,
  `thumbnail` varchar(500) DEFAULT NULL,
  `product_id` int NOT NULL,
  PRIMARY KEY (`id`),
  KEY `product_id` (`product_id`),
  CONSTRAINT `product_id` FOREIGN KEY (`product_id`) REFERENCES `product` (`id`)
) ENGINE=InnoDB AUTO_INCREMENT=45 DEFAULT CHARSET=utf8mb4 ;


--
-- Dumping data for table `galery`
--


INSERT INTO `galery` VALUES (1,'https://cdn2.cellphones.com.vn/358x358,webp,q100/media/catalog/product/5/h/5h03_1.png',1),(2,'https://cdn2.cellphones.com.vn/358x358,webp,q100/media/catalog/product/a/i/air_m2_16gb.png',1),(3,'https://cdn2.cellphones.com.vn/358x358,webp,q100/media/catalog/product/t/e/text_ng_n_3__1_71.png',1),(4,'https://cdn2.cellphones.com.vn/358x358,webp,q100/media/catalog/product/t/e/text_ng_n_43__1_7.png',1),(5,'https://cdn2.cellphones.com.vn/358x358,webp,q100/media/catalog/product/5/h/5h03_1.png',2),(6,'https://cdn2.cellphones.com.vn/358x358,webp,q100/media/catalog/product/a/i/air_m2_16gb.png',2),(7,'https://cdn2.cellphones.com.vn/358x358,webp,q100/media/catalog/product/t/e/text_ng_n_3__1_71.png',2),(8,'https://cdn2.cellphones.com.vn/358x358,webp,q100/media/catalog/product/t/e/text_ng_n_43__1_7.png',2),(9,'https://cdn2.cellphones.com.vn/358x358,webp,q100/media/catalog/product/5/h/5h03_1.png',3),(10,'https://cdn2.cellphones.com.vn/358x358,webp,q100/media/catalog/product/a/i/air_m2_16gb.png',3),(11,'https://cdn2.cellphones.com.vn/358x358,webp,q100/media/catalog/product/t/e/text_ng_n_3__1_71.png',3),(12,'https://cdn2.cellphones.com.vn/358x358,webp,q100/media/catalog/product/t/e/text_ng_n_43__1_7.png',3),(13,'https://cdn2.cellphones.com.vn/358x358,webp,q100/media/catalog/product/5/h/5h03_1.png',3),(14,'https://cdn2.cellphones.com.vn/358x358,webp,q100/media/catalog/product/a/i/air_m2_16gb.png',3),(15,'https://cdn2.cellphones.com.vn/358x358,webp,q100/media/catalog/product/t/e/text_ng_n_3__1_71.png',3),(16,'https://cdn2.cellphones.com.vn/358x358,webp,q100/media/catalog/product/t/e/text_ng_n_43__1_7.png',3),(17,'https://cdn2.cellphones.com.vn/358x358,webp,q100/media/catalog/product/5/h/5h03_1.png',4),(18,'https://cdn2.cellphones.com.vn/358x358,webp,q100/media/catalog/product/a/i/air_m2_16gb.png',4),(19,'https://cdn2.cellphones.com.vn/358x358,webp,q100/media/catalog/product/t/e/text_ng_n_3__1_71.png',4),(20,'https://cdn2.cellphones.com.vn/358x358,webp,q100/media/catalog/product/t/e/text_ng_n_43__1_7.png',3),(29,'https://cdn2.cellphones.com.vn/358x358,webp,q100/media/catalog/product/t/e/text_ng_n_22__21.png',10),(30,'https://cdn2.cellphones.com.vn/358x358,webp,q100/media/catalog/product/t/e/text_ng_n_22__21.png',10),(31,'https://cdn2.cellphones.com.vn/x/media/catalog/product/l/a/laptop-asus-e210ma-gj537w-4.jpg',10),(32,'https://cdn2.cellphones.com.vn/358x358,webp,q100/media/catalog/product/t/e/text_ng_n_22__21.png',10),(33,'https://cdn2.cellphones.com.vn/x358,webp,q100/media/catalog/product/m/a/mac_mini_m2.png',215),(34,'https://cdn2.cellphones.com.vn/x358,webp,q100/media/catalog/product/d/o/download_1__10_3_1.png',215),(35,'https://cdn2.cellphones.com.vn/x358,webp,q100/media/catalog/product/m/a/mac-mini-4.jpg',215),(36,'https://cdn2.cellphones.com.vn/x358,webp,q100/media/catalog/product/m/a/mac-mini-2.jpg',215),(37,'https://cdn2.cellphones.com.vn/x358,webp,q100/media/catalog/product/g/e/gearvn-laptop-gaming-msi-crosshair-15-b12uez-460vn-2.jpg',214),(38,'https://cdn2.cellphones.com.vn/x358,webp,q100/media/catalog/product/g/e/gearvn-laptop-gaming-msi-crosshair-15-b12uez-460vn-3.jpg',214),(39,'https://cdn2.cellphones.com.vn/x358,webp,q100/media/catalog/product/g/e/gearvn-laptop-gaming-msi-crosshair-15-b12uez-460vn-4.jpg',214),(40,'https://cdn2.cellphones.com.vn/x358,webp,q100/media/catalog/product/g/e/gearvn-laptop-gaming-msi-crosshair-15-b12uez-460vn-5.jpg',214),(41,'https://cdn2.cellphones.com.vn/x358,webp,q100/media/catalog/product/_/0/_0006_g14-2021-4_compressed.jpg',211),(42,'https://cdn2.cellphones.com.vn/x358,webp,q100/media/catalog/product/_/0/_0000_g14-2021-2_compressed.jpg',211),(43,'https://cdn2.cellphones.com.vn/x358,webp,q100/media/catalog/product/_/0/_0002_g14-2021-6_compressed.jpg',211),(44,'https://cdn2.cellphones.com.vn/x358,webp,q100/media/catalog/product/_/0/_0002_g14-2021-6_compressed.jpg',211);


--
-- Table structure for table `order`
--


CREATE TABLE `order` (
  `id` int NOT NULL AUTO_INCREMENT,
  `fullname` varchar(100) CHARACTER SET utf8mb3 DEFAULT NULL,
  `email` varchar(200) DEFAULT NULL,
  `phonenumber` varchar(20) DEFAULT NULL,
  `address` varchar(500) CHARACTER SET utf8mb3  DEFAULT NULL,
  `note` varchar(500) CHARACTER SET utf8mb3  DEFAULT NULL,
  `orderdate` datetime DEFAULT NULL,
  `status` int DEFAULT NULL,
  `total` double DEFAULT NULL,
  `user_id` int DEFAULT NULL,
  PRIMARY KEY (`id`),
  KEY `id_user` (`user_id`),
  CONSTRAINT `id_user` FOREIGN KEY (`user_id`) REFERENCES `user` (`id`) ON DELETE SET NULL
) ENGINE=InnoDB AUTO_INCREMENT=34 DEFAULT CHARSET=utf8mb4 ;


--
-- Dumping data for table `order`
--


INSERT INTO `order` VALUES (3,'hua duy','huaduy@gmail.com','0332706233','nam định','gia hàng nhanh chóng','2023-07-19 19:27:31',1,584000000,NULL),(4,'Nguyễn thị Hoa','huaduy2k2@gmail.com','0332706233','thanh hóa, triệu sơn, tân ninh','giao hàng nhớ đóng kỹ nha','2023-07-19 20:25:58',1,90000000,35),(5,'Đào Hữu Phúc','huaduy@gmail.com','0332706233','thanh hóa','giao hàng nhanh lên','2023-07-19 20:49:24',1,49000000,35),(6,'duy','duy@gmail.com','0332706233','thanh hóa','hahaha','2023-07-19 21:40:08',1,83000000,35),(7,NULL,NULL,NULL,NULL,NULL,NULL,NULL,559000000,NULL),(8,'Bùi Quốc Huy','duy@gmail.com','0332145234','ư','êrer','2023-07-19 22:07:48',1,47000000,35),(9,'Hứa Như Duy','huaduy2k2@gmail.com','0332706233','thanh hóa','duy','2023-07-19 23:03:04',1,13000000,35),(10,'Hoàng Văn Tới','d@gmail.com','0332706222','rr','d','2023-07-29 01:02:11',1,62000000,35),(11,'Lê Văn Anh','hua@gmail.com','0332706233','thanh hóa, mua ngay','mua ngay nha','2023-07-21 13:51:23',2,17000000,NULL),(12,'Nguyễn Thị Huệ','duy@gmail.com','0332706233','hà nội','NHANH','2023-07-21 13:52:36',2,17000000,NULL),(13,'Đào Hữu Phúc','duy@gmail.com','0332706211','thanh hóa','nhanh chóng nha','2023-07-29 00:17:34',2,15000000,35),(14,'duy nha','muangay@gmail.com','0332706233','triệu sơn','NHANH CONG','2023-08-07 16:50:44',1,98000000,35),(15,'DUY','duy123@gmail.com','0332706345','hà nôi','giao hàng nhanh chóng nha','2023-07-31 16:52:35',1,139000000,47),(16,'duong','dung1@gmail.com','0332334345','thanh hóa','nhanh','2023-07-31 00:00:00',1,20000000,47),(17,'dung','du@gmail.com','0983482347','hà nội','nhanh','2023-06-20 00:00:00',NULL,20000000,47),(18,'dung','du@gmail.com','0983482347','hà nội','nhanh','2023-05-20 00:00:00',NULL,20000000,47),(23,'dung','du@gmail.com','0983482347','hà nội','nhanh','2023-05-20 00:00:00',NULL,20000000,47),(24,'dung','du@gmail.com','0983482347','hà nội','nhanh','2023-04-20 00:00:00',NULL,20000000,47),(25,'dung','du@gmail.com','0983482347','hà nội','nhanh','2023-03-20 00:00:00',NULL,20000000,47),(26,'dung','du@gmail.com','0983482347','hà nội','nhanh','2023-02-20 00:00:00',NULL,20000000,47),(27,'lúc nayf','d@gmail.com','0332706233','thanh','nhanh chóng nha cần gấp','2023-08-07 16:56:35',1,112000000,35),(28,'hứa duy','huau@gmail.com','0332567896','duy','nahnh','2023-08-11 23:51:54',1,17000000,35),(29,NULL,NULL,NULL,NULL,NULL,NULL,NULL,34000000,35),(30,'hứa duy','duy@gmail.com','0332706233','thanh hóa','giao hàng nhanh nha','2023-08-12 21:08:33',1,17000000,NULL),(31,'17000000','1','17000000','1','30.0','2023-08-12 21:08:33',1,17000000,NULL),(32,'duy','duy@gmail.com','0332605223','thanh hóa','NHÂNH','2023-08-12 21:11:29',1,41000000,NULL),(33,'duy','duy@gmail.com','0332706344','thanh hóa','nhanh','2023-08-12 22:02:59',2,17000000,NULL);

--
-- Table structure for table `orderdetail`
--


CREATE TABLE `orderdetail` (
  `id` int NOT NULL AUTO_INCREMENT,
  `price` double NOT NULL,
  `quantity` int NOT NULL,
  `total` double NOT NULL,
  `product_id` int NOT NULL,
  `order_id` int NOT NULL,
  `status` int DEFAULT NULL,
  PRIMARY KEY (`id`),
  KEY `id_product` (`product_id`),
  KEY `order_id` (`order_id`),
  CONSTRAINT `id_product` FOREIGN KEY (`product_id`) REFERENCES `product` (`id`),
  CONSTRAINT `order_id` FOREIGN KEY (`order_id`) REFERENCES `order` (`id`)
) ENGINE=InnoDB AUTO_INCREMENT=173 DEFAULT CHARSET=utf8mb4 ;


--
-- Dumping data for table `orderdetail`
--


INSERT INTO `orderdetail` VALUES (10,15000000,14,210000000,3,3,1),(11,17000000,4,68000000,1,4,2),(12,13000000,3,39000000,2,4,2),(13,17000000,22,374000000,4,3,2),(21,15000000,1,15000000,3,5,2),(22,17000000,2,34000000,1,5,2),(26,17000000,3,51000000,4,6,2),(28,15000000,2,30000000,3,8,2),(29,13000000,1,13000000,2,9,2),(30,17000000,1,17000000,1,10,1),(31,13000000,1,13000000,2,10,1),(32,15000000,1,15000000,3,10,1),(33,17000000,1,17000000,4,10,1),(35,15000000,6,90000000,3,7,NULL),(36,13000000,6,78000000,2,7,NULL),(37,17000000,3,51000000,4,7,NULL),(38,17000000,9,153000000,1,7,NULL),(39,17000000,4,68000000,9,7,NULL),(40,17000000,7,119000000,10,7,NULL),(43,17000000,1,17000000,10,11,2),(44,17000000,1,17000000,9,12,3),(45,15000000,1,15000000,3,13,1),(46,17000000,3,51000000,1,14,1),(51,27000000,2,54000000,211,15,2),(53,17000000,3,51000000,89,15,3),(54,27000000,1,27000000,211,16,NULL),(55,20000000,5,20000000,211,14,2),(56,20000000,5,20000000,211,17,2),(57,20000000,5,20000000,211,17,2),(58,20000000,5,20000000,211,17,2),(59,20000000,5,20000000,211,17,2),(60,20000000,5,20000000,211,17,2),(61,20000000,5,20000000,211,17,2),(62,20000000,5,20000000,211,17,2),(63,20000000,5,20000000,211,17,2),(64,20000000,5,20000000,211,17,2),(65,20000000,5,20000000,211,17,2),(66,20000000,5,20000000,211,17,2),(67,20000000,5,20000000,211,17,2),(68,20000000,5,20000000,211,17,2),(69,20000000,5,20000000,211,17,2),(70,20000000,5,20000000,211,17,2),(71,20000000,5,20000000,211,17,2),(72,20000000,5,20000000,211,17,2),(73,20000000,5,20000000,211,17,2),(74,20000000,5,20000000,211,17,2),(75,20000000,5,20000000,211,18,2),(76,20000000,5,20000000,211,18,2),(77,20000000,5,20000000,211,18,2),(78,20000000,5,20000000,211,18,2),(79,20000000,5,20000000,211,18,2),(80,20000000,5,20000000,211,18,2),(81,20000000,5,20000000,211,18,2),(82,20000000,5,20000000,211,18,2),(83,20000000,5,20000000,211,18,2),(84,20000000,5,20000000,211,18,2),(85,20000000,5,20000000,211,18,2),(86,20000000,5,20000000,211,18,2),(87,20000000,5,20000000,211,18,2),(88,20000000,5,20000000,211,18,2),(89,20000000,5,20000000,211,18,2),(90,20000000,5,20000000,211,18,2),(91,20000000,5,20000000,211,18,2),(92,20000000,5,20000000,211,18,2),(93,20000000,5,20000000,211,18,2),(94,20000000,5,20000000,211,18,2),(95,20000000,5,20000000,211,18,2),(96,20000000,5,20000000,211,18,2),(97,20000000,5,20000000,211,18,2),(98,20000000,5,20000000,211,18,2),(99,20000000,5,20000000,211,24,2),(100,20000000,5,20000000,211,24,2),(101,20000000,5,20000000,211,24,2),(102,20000000,5,20000000,211,24,2),(103,20000000,5,20000000,211,24,2),(104,20000000,5,20000000,211,24,2),(105,20000000,5,20000000,211,24,2),(106,20000000,5,20000000,211,24,2),(107,20000000,5,20000000,211,24,2),(108,20000000,5,20000000,211,24,2),(109,20000000,5,20000000,211,24,2),(110,20000000,5,20000000,211,24,2),(111,20000000,5,20000000,211,24,2),(112,20000000,5,20000000,211,25,2),(113,20000000,5,20000000,211,25,2),(114,20000000,5,20000000,211,25,2),(115,20000000,5,20000000,211,25,2),(116,20000000,5,20000000,211,25,2),(117,20000000,5,20000000,211,25,2),(118,20000000,5,20000000,211,25,2),(119,20000000,5,20000000,211,25,2),(120,20000000,5,20000000,211,25,2),(121,20000000,5,20000000,211,25,2),(122,20000000,5,20000000,211,25,2),(123,20000000,5,20000000,211,25,2),(124,20000000,5,20000000,211,25,2),(125,20000000,5,20000000,211,25,2),(126,20000000,5,20000000,211,25,2),(127,20000000,5,20000000,211,25,2),(128,20000000,5,20000000,211,25,2),(129,20000000,5,20000000,211,25,2),(130,20000000,5,20000000,211,25,2),(131,20000000,5,20000000,211,25,2),(132,20000000,5,20000000,211,25,2),(133,20000000,5,20000000,211,25,2),(134,20000000,5,20000000,211,26,2),(135,20000000,5,20000000,211,26,2),(136,20000000,5,20000000,211,26,2),(137,20000000,5,20000000,211,26,2),(138,20000000,5,20000000,211,26,2),(139,20000000,5,20000000,211,26,2),(140,20000000,5,20000000,211,26,2),(141,20000000,5,20000000,211,26,2),(142,20000000,5,20000000,211,26,2),(143,20000000,5,20000000,211,26,2),(144,20000000,5,20000000,211,26,2),(145,20000000,5,20000000,211,26,2),(146,20000000,5,20000000,211,26,2),(147,20000000,5,20000000,211,26,2),(148,20000000,5,20000000,211,26,2),(149,20000000,5,20000000,211,26,2),(150,20000000,5,20000000,211,26,2),(151,20000000,5,20000000,211,26,2),(152,34000000,2,68000000,214,27,1),(154,22000000,2,44000000,213,27,2),(155,17000000,1,17000000,1,28,1),(163,22000000,1,22000000,213,32,1),(164,19000000,1,19000000,212,32,2),(165,17000000,1,17000000,1,33,2),(172,34000000,1,34000000,214,29,NULL);




--
-- Table structure for table `review`
--


CREATE TABLE `review` (
  `id` int NOT NULL AUTO_INCREMENT,
  `name` varchar(100) CHARACTER SET utf8mb3  NOT NULL,
  `email` varchar(200) NOT NULL,
  `content` varchar(500) CHARACTER SET utf8mb3  NOT NULL,
  `rating` int NOT NULL,
  `product_id` int NOT NULL,
  `created_at` datetime NOT NULL,
  PRIMARY KEY (`id`),
  KEY `idproduct` (`product_id`),
  CONSTRAINT `idproduct` FOREIGN KEY (`product_id`) REFERENCES `product` (`id`)
) ENGINE=InnoDB AUTO_INCREMENT=151 DEFAULT CHARSET=utf8mb4 ;


--
-- Dumping data for table `review`
--


INSERT INTO `review` VALUES (1,'duy','huaduy@gmail.com','sản phẩm khá tốt',4,9,'2023-07-21 14:39:20'),(2,'hứa duy','huaduy2k2@gmail.com','sản phẩm kas tệ',1,9,'2023-07-21 15:05:47'),(3,'duy','huaduy2k2@gmail.com','',1,9,'2023-07-21 15:18:31'),(4,'d','d@gmail.com','er',2,9,'2023-07-21 15:29:27'),(5,'haha','ha@gmail.com','e',2,9,'2023-07-21 15:30:18'),(6,'d','d@gmail.com','',5,9,'2023-07-21 15:30:43'),(7,'d','d@gmail.com','',2,9,'2023-07-21 15:31:22'),(8,'duy','duy@gmail.com','tốt',5,9,'2023-07-27 00:17:04'),(9,'duy','duy@gmail.com','tốt',5,9,'2023-07-27 00:17:07'),(10,'duy','duy@gmail.com','tốt',5,9,'2023-07-27 00:17:11'),(11,'duy','duy@gmail.com','tốt',5,9,'2023-07-27 00:17:11'),(12,'duy','duy@gmail.com','tốt',5,9,'2023-07-27 00:17:11'),(13,'duy','duy@gmail.com','tốt',5,9,'2023-07-27 00:17:11'),(14,'duy','duy@gmail.com','tốt',5,9,'2023-07-27 00:17:11'),(15,'duy','duy@gmail.com','tốt',5,9,'2023-07-27 00:17:11'),(16,'duy','duy@gmail.com','tốt',5,9,'2023-07-27 00:17:11'),(17,'duy','duy@gmail.com','tốt',5,9,'2023-07-27 00:17:11'),(18,'duy','duy@gmail.com','tốt',5,9,'2023-07-27 00:17:11'),(19,'duy','duy@gmail.com','tốt',5,9,'2023-07-27 00:17:11'),(20,'duy','duy@gmail.com','tốt',5,9,'2023-07-27 00:17:11'),(21,'duy','duy@gmail.com','tốt',5,9,'2023-07-27 00:17:11'),(22,'duy','duy@gmail.com','tốt',5,9,'2023-07-27 00:17:12'),(23,'duy','duy@gmail.com','tốt',5,9,'2023-07-27 00:17:12'),(24,'duy','duy@gmail.com','tốt',5,9,'2023-07-27 00:17:12'),(25,'duy','duy@gmail.com','tốt',5,9,'2023-07-27 00:17:12'),(26,'duy','duy@gmail.com','tốt',5,9,'2023-07-27 00:17:12'),(27,'duy','duy@gmail.com','tốt',5,9,'2023-07-27 00:17:12'),(28,'duy','duy@gmail.com','tốt',5,9,'2023-07-27 00:17:12'),(29,'duy','duy@gmail.com','tốt',5,9,'2023-07-27 00:17:12'),(30,'duy','duy@gmail.com','tốt',5,9,'2023-07-27 00:17:12'),(31,'duy','duy@gmail.com','tốt',5,9,'2023-07-27 00:17:12'),(32,'duy','duy@gmail.com','tốt',5,9,'2023-07-27 00:17:12'),(33,'duy','duy@gmail.com','tốt',5,9,'2023-07-27 00:17:12'),(34,'duy','duy@gmail.com','tốt',5,9,'2023-07-27 00:17:12'),(35,'duy','duy@gmail.com','tốt',5,9,'2023-07-27 00:17:12'),(36,'duy','duy@gmail.com','tốt',5,9,'2023-07-27 00:17:12'),(37,'duy','duy@gmail.com','tốt',5,9,'2023-07-27 00:17:12'),(38,'duy','duy@gmail.com','tốt',5,9,'2023-07-27 00:17:12'),(39,'duy','duy@gmail.com','tốt',5,9,'2023-07-27 00:17:12'),(40,'duy','duy@gmail.com','tốt',5,9,'2023-07-27 00:17:12'),(41,'duy','duy@gmail.com','tốt',5,9,'2023-07-27 00:17:12'),(42,'duy','duy@gmail.com','tốt',5,9,'2023-07-27 00:17:12'),(43,'duy','duy@gmail.com','tốt',5,9,'2023-07-27 00:17:12'),(44,'duy','duy@gmail.com','tốt',5,9,'2023-07-27 00:17:12'),(45,'duy','duy@gmail.com','tốt',5,9,'2023-07-27 00:17:12'),(46,'duy','duy@gmail.com','tốt',5,9,'2023-07-27 00:17:12'),(47,'duy','duy@gmail.com','tốt',5,9,'2023-07-27 00:17:12'),(48,'duy','duy@gmail.com','tốt',5,9,'2023-07-27 00:17:12'),(49,'duy','duy@gmail.com','tốt',5,9,'2023-07-27 00:17:12'),(50,'duy','duy@gmail.com','tốt',5,9,'2023-07-27 00:17:12'),(51,'duy','duy@gmail.com','tốt',5,9,'2023-07-27 00:17:12'),(52,'duy','duy@gmail.com','tốt',5,9,'2023-07-27 00:17:13'),(53,'duy','duy@gmail.com','tốt',5,9,'2023-07-27 00:17:13'),(54,'duy','duy@gmail.com','tốt',5,9,'2023-07-27 00:17:13'),(55,'duy','duy@gmail.com','tốt',5,9,'2023-07-27 00:17:13'),(56,'duy','duy@gmail.com','tốt',5,9,'2023-07-27 00:17:13'),(57,'duy','duy@gmail.com','tốt',5,9,'2023-07-27 00:17:13'),(58,'duy','duy@gmail.com','tốt',5,9,'2023-07-27 00:17:13'),(59,'duy','duy@gmail.com','tốt',5,9,'2023-07-27 00:17:13'),(60,'duy','duy@gmail.com','tốt',5,9,'2023-07-27 00:17:13'),(61,'duy','duy@gmail.com','tốt',5,9,'2023-07-27 00:17:13'),(62,'duy','duy@gmail.com','tốt',5,9,'2023-07-27 00:17:13'),(63,'duy','duy@gmail.com','tốt',5,9,'2023-07-27 00:17:13'),(64,'duy','duy@gmail.com','tốt',5,9,'2023-07-27 00:17:13'),(65,'duy','duy@gmail.com','tốt',5,9,'2023-07-27 00:17:13'),(66,'duy','duy@gmail.com','tốt',5,9,'2023-07-27 00:17:13'),(67,'duy','duy@gmail.com','tốt',5,9,'2023-07-27 00:17:13'),(68,'duy','duy@gmail.com','tốt',5,9,'2023-07-27 00:17:13'),(69,'duy','duy@gmail.com','tốt',5,9,'2023-07-27 00:17:13'),(70,'duy','duy@gmail.com','tốt',5,9,'2023-07-27 00:17:13'),(71,'duy','duy@gmail.com','tốt',5,9,'2023-07-27 00:17:13'),(72,'duy','duy@gmail.com','tốt',5,9,'2023-07-27 00:17:13'),(73,'duy','duy@gmail.com','tốt',5,9,'2023-07-27 00:17:13'),(74,'duy','duy@gmail.com','tốt',5,9,'2023-07-27 00:17:13'),(75,'duy','duy@gmail.com','tốt',5,9,'2023-07-27 00:17:13'),(76,'duy','duy@gmail.com','tốt',5,9,'2023-07-27 00:17:14'),(77,'duy','duy@gmail.com','tốt',5,9,'2023-07-27 00:17:14'),(78,'duy','duy@gmail.com','tốt',5,9,'2023-07-27 00:17:14'),(79,'duy','duy@gmail.com','tốt',5,9,'2023-07-27 00:17:14'),(80,'duy','duy@gmail.com','tốt',5,9,'2023-07-27 00:17:14'),(81,'duy','duy@gmail.com','tốt',5,9,'2023-07-27 00:17:14'),(82,'duy','duy@gmail.com','tốt',5,9,'2023-07-27 00:17:14'),(83,'duy','duy@gmail.com','tốt',5,9,'2023-07-27 00:17:14'),(84,'duy','duy@gmail.com','tốt',5,9,'2023-07-27 00:17:14'),(85,'duy','duy@gmail.com','tốt',5,9,'2023-07-27 00:17:14'),(86,'duy','duy@gmail.com','tốt',5,9,'2023-07-27 00:17:14'),(87,'duy','duy@gmail.com','tốt',5,9,'2023-07-27 00:17:14'),(88,'duy','duy@gmail.com','tốt',5,9,'2023-07-27 00:17:14'),(89,'duy','duy@gmail.com','tốt',5,9,'2023-07-27 00:17:14'),(90,'duy','duy@gmail.com','tốt',5,9,'2023-07-27 00:17:14'),(91,'duy','duy@gmail.com','tốt',5,9,'2023-07-27 00:17:14'),(92,'duy','duy@gmail.com','tốt',5,9,'2023-07-27 00:17:14'),(93,'duy','duy@gmail.com','tốt',5,9,'2023-07-27 00:17:14'),(94,'duy','duy@gmail.com','tốt',5,9,'2023-07-27 00:17:14'),(95,'duy','duy@gmail.com','tốt',5,9,'2023-07-27 00:17:14'),(96,'duy','duy@gmail.com','tốt',5,9,'2023-07-27 00:17:14'),(97,'duy','duy@gmail.com','tốt',5,9,'2023-07-27 00:17:14'),(98,'duy','duy@gmail.com','tốt',5,9,'2023-07-27 00:17:14'),(99,'duy','duy@gmail.com','tốt',5,9,'2023-07-27 00:17:14'),(100,'duy','duy@gmail.com','tốt',5,9,'2023-07-27 00:17:14'),(101,'duy','duy@gmail.com','tốt',5,9,'2023-07-27 00:17:14'),(102,'duy','duy@gmail.com','tốt',5,9,'2023-07-27 00:17:14'),(103,'duy','duy@gmail.com','tốt',5,9,'2023-07-27 00:17:14'),(104,'duy','duy@gmail.com','tốt',5,9,'2023-07-27 00:17:14'),(105,'duy','duy@gmail.com','tốt',5,9,'2023-07-27 00:17:14'),(106,'duy','duy@gmail.com','tốt',5,9,'2023-07-27 00:17:14'),(107,'duy','duy@gmail.com','tốt',5,9,'2023-07-27 00:17:14'),(108,'duy','duy@gmail.com','tốt',5,9,'2023-07-27 00:17:14'),(109,'duy','duy@gmail.com','tốt',5,9,'2023-07-27 00:17:14'),(110,'duy','duy@gmail.com','tốt',5,9,'2023-07-27 00:17:14'),(111,'duy','duy@gmail.com','tốt',5,9,'2023-07-27 00:17:14'),(112,'duy','duy@gmail.com','tốt',5,9,'2023-07-27 00:17:15'),(113,'duy','duy@gmail.com','tốt',5,9,'2023-07-27 00:17:15'),(114,'duy','duy@gmail.com','tốt',5,9,'2023-07-27 00:17:15'),(115,'duy','duy@gmail.com','tốt',5,9,'2023-07-27 00:17:15'),(116,'duy','duy@gmail.com','tốt',5,9,'2023-07-27 00:17:15'),(117,'duy','duy@gmail.com','tốt',5,9,'2023-07-27 00:17:15'),(118,'duy','duy@gmail.com','tốt',5,9,'2023-07-27 00:17:15'),(119,'duy','duy@gmail.com','tốt',5,9,'2023-07-27 00:17:15'),(120,'duy','duy@gmail.com','tốt',5,9,'2023-07-27 00:17:15'),(121,'duy','duy@gmail.com','tốt',5,9,'2023-07-27 00:17:15'),(122,'duy','duy@gmail.com','tốt',5,9,'2023-07-27 00:17:15'),(123,'duy','duy@gmail.com','tốt',5,9,'2023-07-27 00:17:15'),(124,'duy','duy@gmail.com','tốt',5,9,'2023-07-27 00:17:15'),(125,'duy','duy@gmail.com','tốt',5,9,'2023-07-27 00:17:15'),(126,'duy','duy@gmail.com','tốt',5,9,'2023-07-27 00:17:15'),(127,'duy','duy@gmail.com','tốt',5,9,'2023-07-27 00:17:15'),(128,'duy','duy@gmail.com','tốt',5,9,'2023-07-27 00:17:15'),(129,'duy','duy@gmail.com','tốt',5,9,'2023-07-27 00:17:15'),(130,'duy','duy@gmail.com','tốt',5,9,'2023-07-27 00:17:15'),(131,'duy','duy@gmail.com','tốt',5,9,'2023-07-27 00:17:15'),(132,'duy','duy@gmail.com','tốt',5,9,'2023-07-27 00:17:15'),(133,'duy','duy@gmail.com','tốt',5,9,'2023-07-27 00:17:15'),(134,'duy','duy@gmail.com','tốt',5,9,'2023-07-27 00:17:15'),(135,'duy','duy@gmail.com','tốt',5,9,'2023-07-27 00:17:15'),(136,'duy','duy@gmail.com','tốt',5,9,'2023-07-27 00:17:15'),(137,'duy','duy@gmail.com','tốt',5,9,'2023-07-27 00:17:15'),(138,'duy','duy@gmail.com','tốt',5,9,'2023-07-27 00:17:15'),(139,'duy','duy@gmail.com','tốt',5,9,'2023-07-27 00:17:15'),(140,'duy','duy@gmail.com','tốt',5,9,'2023-07-27 00:17:15'),(141,'duy','duy@gmail.com','tốt',5,9,'2023-07-27 00:17:15'),(142,'duy','duy@gmail.com','tốt',5,9,'2023-07-27 00:17:15'),(143,'duy','duy@gmail.com','tốt',5,9,'2023-07-27 00:17:15'),(144,'duy','duy@gmail.com','tốt',5,9,'2023-07-27 00:17:15'),(145,'duy','duy@gmail.com','tốt',5,9,'2023-07-27 00:17:15'),(146,'duy','duy@gmail.com','tốt',5,9,'2023-07-27 00:17:15'),(147,'duy','duy@gmail.com','tốt',5,9,'2023-07-27 00:17:15'),(148,'huaduy','hua@gmail.com','nahnh chings nha',2,9,'2023-07-30 15:24:03'),(149,'hứa duy','hua@gmail.com','nhanh cóng nha mọi người',4,9,'2023-07-30 15:27:25'),(150,'duy','duy123@gmail.com','sản phẩm tốt nha',4,211,'2023-07-31 16:48:08');



--
-- Table structure for table `wishlist`
--


CREATE TABLE `wishlist` (
  `id` int NOT NULL AUTO_INCREMENT,
  `product_id` int NOT NULL,
  `user_id` int NOT NULL,
  PRIMARY KEY (`id`),
  KEY `productid` (`product_id`),
  KEY `userid` (`user_id`),
  CONSTRAINT `productid` FOREIGN KEY (`product_id`) REFERENCES `product` (`id`),
  CONSTRAINT `userid` FOREIGN KEY (`user_id`) REFERENCES `user` (`id`) ON DELETE CASCADE
) ENGINE=InnoDB AUTO_INCREMENT=52 DEFAULT CHARSET=utf8mb4;


--
-- Dumping data for table `wishlist`
--


INSERT INTO `wishlist` VALUES (9,4,35),(42,211,47),(50,7,35),(51,215,35);


-- Dump completed on 2023-08-14  0:21:26
